Date,"Stephen Curry","NBA Finals"
2015-07-01,13313,1306
2015-07-02,13295,1414
2015-07-03,12106,1326
2015-07-04,11254,1230
2015-07-05,10355,1162
2015-07-06,9856,1239
2015-07-07,11089,1448
2015-07-08,12210,1247
2015-07-09,9669,1294
2015-07-10,9660,1085
2015-07-11,10197,929
2015-07-12,11312,982
2015-07-13,14170,1002
2015-07-14,11772,912
2015-07-15,12310,878
2015-07-16,27606,858
2015-07-17,21395,783
2015-07-18,12311,679
2015-07-19,14864,765
2015-07-20,19547,870
2015-07-21,12427,995
2015-07-22,14687,1260
2015-07-23,9063,923
2015-07-24,8225,845
2015-07-25,7341,932
2015-07-26,6927,951
2015-07-27,7215,827
2015-07-28,6549,953
2015-07-29,6059,806
2015-07-30,6044,777
2015-07-31,6279,907
2015-08-01,5861,744
2015-08-02,5324,928
2015-08-03,5174,615
2015-08-04,6270,689
2015-08-05,6778,614
2015-08-06,5664,817
2015-08-07,5561,684
2015-08-08,5401,622
2015-08-09,5254,651
2015-08-10,5777,729
2015-08-11,6546,738
2015-08-12,6610,699
2015-08-13,6354,818
2015-08-14,6064,664
2015-08-15,5345,638
2015-08-16,5395,667
2015-08-17,10902,754
2015-08-18,6035,670
2015-08-19,8770,705
2015-08-20,7056,673
2015-08-21,6400,691
2015-08-22,5660,566
2015-08-23,6270,858
2015-08-24,5905,661
2015-08-25,5627,659
2015-08-26,5298,645
2015-08-27,5167,797
2015-08-28,4645,786
2015-08-29,5679,617
2015-08-30,4971,665
2015-08-31,4918,620
2015-09-01,4623,610
2015-09-02,4779,620
2015-09-03,5210,649
2015-09-04,5163,622
2015-09-05,6221,619
2015-09-06,6527,622
2015-09-07,6470,556
2015-09-08,5552,494
2015-09-09,5473,609
2015-09-10,5443,684
2015-09-11,5184,600
2015-09-12,4370,509
2015-09-13,4732,626
2015-09-14,4703,597
2015-09-15,5219,536
2015-09-16,5370,601
2015-09-17,6144,582
2015-09-18,5356,664
2015-09-19,4437,474
2015-09-20,10273,503
2015-09-21,6594,525
2015-09-22,20122,519
2015-09-23,12931,564
2015-09-24,10323,584
2015-09-25,9301,666
2015-09-26,7262,545
2015-09-27,6736,586
2015-09-28,6326,596
2015-09-29,7295,615
2015-09-30,6681,577
2015-10-01,5801,533
2015-10-02,5524,514
2015-10-03,5028,443
2015-10-04,5168,503
2015-10-05,5611,512
2015-10-06,7101,528
2015-10-07,7500,614
2015-10-08,6777,640
2015-10-09,6228,557
2015-10-10,5407,582
2015-10-11,5967,495
2015-10-12,5982,543
2015-10-13,5866,566
2015-10-14,7073,710
2015-10-15,6909,699
2015-10-16,7033,706
2015-10-17,6425,573
2015-10-18,8838,537
2015-10-19,6681,580
2015-10-20,13521,640
2015-10-21,7543,755
2015-10-22,7308,784
2015-10-23,7507,662
2015-10-24,6282,613
2015-10-25,7951,600
2015-10-26,8787,712
2015-10-27,12549,1107
2015-10-28,31111,1443
2015-10-29,14531,1082
2015-10-30,12830,865
2015-10-31,19065,852
2015-11-01,30406,811
2015-11-02,17262,907
2015-11-03,29594,1066
2015-11-04,19968,882
2015-11-05,39534,1071
2015-11-06,18957,799
2015-11-07,28777,787
2015-11-08,21865,711
2015-11-09,16133,739
2015-11-10,15943,817
2015-11-11,13238,894
2015-11-12,26569,995
2015-11-13,57455,886
2015-11-14,23852,723
2015-11-15,35189,649
2015-11-16,20613,616
2015-11-17,16491,678
2015-11-18,27202,897
2015-11-19,22527,778
2015-11-20,43271,1049
2015-11-21,46592,932
2015-11-22,21962,719
2015-11-23,30503,915
2015-11-24,21719,806
2015-11-25,51716,1158
2015-11-26,28101,838
2015-11-27,29012,692
2015-11-28,47741,801
2015-11-29,38147,799
2015-11-30,28287,2128
2015-12-01,33922,2325
2015-12-02,31647,1976
2015-12-03,85760,1437
2015-12-04,45167,1244
2015-12-05,35812,1185
2015-12-06,60150,1278
2015-12-07,53018,1134
2015-12-08,36805,1097
2015-12-09,47101,1190
2015-12-10,36160,1049
2015-12-11,30195,1045
2015-12-12,51068,1206
2015-12-13,36225,1066
2015-12-14,21135,882
2015-12-15,18961,1070
2015-12-16,19127,948
2015-12-17,28351,971
2015-12-18,18025,973
2015-12-19,21106,1010
2015-12-20,16008,751
2015-12-21,14503,720
2015-12-22,13786,792
2015-12-23,15261,736
2015-12-24,30122,1242
2015-12-25,71690,1905
2015-12-26,82822,1819
2015-12-27,28509,919
2015-12-28,22630,895
2015-12-29,39415,998
2015-12-30,30150,1104
2015-12-31,25292,1136
2016-01-01,18788,803
2016-01-02,18761,953
2016-01-03,25263,964
2016-01-04,16821,881
2016-01-05,27117,880
2016-01-06,26427,939
2016-01-07,20254,942
2016-01-08,20116,929
2016-01-09,19610,975
2016-01-10,29826,945
2016-01-11,18198,826
2016-01-12,18422,872
2016-01-13,16985,922
2016-01-14,20287,1052
2016-01-15,24917,1428
2016-01-16,16966,1091
2016-01-17,18969,1176
2016-01-18,16638,1176
2016-01-19,41091,1708
2016-01-20,20790,1092
2016-01-21,33359,1255
2016-01-22,22982,1399
2016-01-23,40898,1770
2016-01-24,26023,1446
2016-01-25,31540,1356
2016-01-26,61308,1864
2016-01-27,31210,1236
2016-01-28,36711,1407
2016-01-29,27077,1163
2016-01-30,27574,1159
2016-01-31,25610,1366
2016-02-01,27158,1229
2016-02-02,19859,1215
2016-02-03,19519,1214
2016-02-04,68161,1545
2016-02-05,32662,1271
2016-02-06,25924,1309
2016-02-07,101248,1735
2016-02-08,66229,1948
2016-02-09,28800,1397
2016-02-10,38130,2212
2016-02-11,34320,3262
2016-02-12,29650,1740
2016-02-13,36299,1355
2016-02-14,60744,1347
2016-02-15,68088,2100
2016-02-16,29446,1309
2016-02-17,22611,1256
2016-02-18,20748,1170
2016-02-19,20246,1296
2016-02-20,22769,1364
2016-02-21,32224,1343
2016-02-22,21500,1468
2016-02-23,28054,1287
2016-02-24,21447,1102
2016-02-25,33067,1270
2016-02-26,52779,1233
2016-02-27,32231,1210
2016-02-28,230676,1810
2016-02-29,91398,1267
2016-03-01,68716,1194
2016-03-02,48069,1162
2016-03-03,37156,1305
2016-03-04,57487,1436
2016-03-05,36046,1054
2016-03-06,42514,1316
2016-03-07,27391,1142
2016-03-08,36348,1041
2016-03-09,32796,986
2016-03-10,37834,1185
2016-03-11,28242,1993
2016-03-12,33456,1023
2016-03-13,40927,1098
2016-03-14,52562,950
2016-03-15,50889,965
2016-03-16,27295,971
2016-03-17,34353,915
2016-03-18,29343,886
2016-03-19,36543,867
2016-03-20,43756,1386
2016-03-21,22896,966
2016-03-22,21440,952
2016-03-23,23808,1056
2016-03-24,36937,1269
2016-03-25,24701,950
2016-03-26,33691,970
2016-03-27,33847,1067
2016-03-28,34943,1103
2016-03-29,25933,965
2016-03-30,30804,1184
2016-03-31,26323,1137
2016-04-01,23490,1073
2016-04-02,35055,1205
2016-04-03,23997,1320
2016-04-04,30284,1475
2016-04-05,30098,1371
2016-04-06,25193,1309
2016-04-07,18731,1333
2016-04-08,31547,1599
2016-04-09,19543,1156
2016-04-10,37966,1407
2016-04-11,62534,2109
2016-04-12,39683,1997
2016-04-13,35302,2850
2016-04-14,191204,5635
2016-04-15,57479,3484
2016-04-16,73944,3239
2016-04-17,61182,3030
2016-04-18,44356,2527
2016-04-19,46492,2521
2016-04-20,30127,1879
2016-04-21,26652,1876
2016-04-22,30463,1938
2016-04-23,25988,1910
2016-04-24,41060,2174
2016-04-25,40456,2443
2016-04-26,27362,2133
2016-04-27,20464,1826
2016-04-28,27334,2113
2016-04-29,19766,1426
2016-04-30,21342,1639
2016-05-01,31512,2409
2016-05-02,25611,2164
2016-05-03,21651,2185
2016-05-04,26392,1720
2016-05-05,17504,1931
2016-05-06,16102,1463
2016-05-07,16629,1818
2016-05-08,29270,2191
2016-05-09,34200,2755
2016-05-10,128636,3201
2016-05-11,118848,2884
2016-05-12,131612,3492
2016-05-13,59239,4468
2016-05-14,44018,2981
2016-05-15,39582,3567
2016-05-16,36099,3878
2016-05-17,71553,5086
2016-05-18,44745,5597
2016-05-19,98548,4035
2016-05-20,45461,5623
2016-05-21,28656,2645
2016-05-22,30512,3188
2016-05-23,39114,3957
2016-05-24,24338,4340
2016-05-25,43264,6911
2016-05-26,25063,6939
2016-05-27,69545,5617
2016-05-28,29953,29510
2016-05-29,117519,12516
2016-05-30,39028,7341
2016-05-31,226060,28879
2016-06-01,62510,12447
2016-06-02,84542,15621
2016-06-03,169359,25800
2016-06-04,50410,5832
2016-06-05,111099,7294
2016-06-06,166363,25269
2016-06-07,61112,9374
2016-06-08,52132,9080
2016-06-09,103024,16583
2016-06-10,44911,5611
2016-06-11,172475,17900
2016-06-12,53962,6871
2016-06-13,44755,6648
2016-06-14,112533,17655
2016-06-15,33407,6382
2016-06-16,34182,7007
2016-06-17,172735,28420
2016-06-18,61017,9139
2016-06-19,65524,13748
2016-06-20,345025,65744
2016-06-21,74338,14066
2016-06-22,47004,7977
2016-06-23,37819,5441
2016-06-24,36439,3878
2016-06-25,23999,2780
2016-06-26,21143,2708
2016-06-27,20319,2289
2016-06-28,16889,1898
2016-06-29,16435,2062
2016-06-30,14633,1750
2016-07-01,14989,1656
2016-07-02,14730,1512
2016-07-03,15192,1470
2016-07-04,34860,3676
2016-07-05,36635,3877
2016-07-06,24987,3045
2016-07-07,22259,2687
2016-07-08,17890,1619
2016-07-09,15616,1416
2016-07-10,14825,1389
2016-07-11,14914,2013
2016-07-12,13071,2014
2016-07-13,12503,1568
2016-07-14,17637,1483
2016-07-15,12022,1268
2016-07-16,10974,1123
2016-07-17,10611,1161
2016-07-18,11972,956
2016-07-19,10223,1043
2016-07-20,9880,967
2016-07-21,9461,945
2016-07-22,11203,860
2016-07-23,10049,1187
2016-07-24,9493,982
2016-07-25,9302,843
2016-07-26,9268,794
2016-07-27,9909,799
2016-07-28,8529,1044
2016-07-29,7727,966
2016-07-30,8052,835
2016-07-31,8723,740
2016-08-01,8240,762
2016-08-02,7667,863
2016-08-03,7377,873
2016-08-04,7428,1011
2016-08-05,7702,786
2016-08-06,9756,770
2016-08-07,8735,708
2016-08-08,9319,731
2016-08-09,8121,744
2016-08-10,9877,674
2016-08-11,8774,674
2016-08-12,7872,609
2016-08-13,7548,707
2016-08-14,7836,698
2016-08-15,7394,684
2016-08-16,6667,665
2016-08-17,7980,691
2016-08-18,7118,849
2016-08-19,8312,729
2016-08-20,7001,623
2016-08-21,12923,883
2016-08-22,9979,698
2016-08-23,12808,704
2016-08-24,11719,736
2016-08-25,9387,795
2016-08-26,10244,771
2016-08-27,8367,745
2016-08-28,8129,922
2016-08-29,6911,978
2016-08-30,7328,814
2016-08-31,7363,765
2016-09-01,6841,785
2016-09-02,6126,722
2016-09-03,5535,739
2016-09-04,6635,676
2016-09-05,6994,682
2016-09-06,6937,751
2016-09-07,8677,732
2016-09-08,9320,815
2016-09-09,8303,804
2016-09-10,7683,869
2016-09-11,6900,820
2016-09-12,6504,881
2016-09-13,10068,818
2016-09-14,10692,769
2016-09-15,8681,705
2016-09-16,8010,636
2016-09-17,6976,656
2016-09-18,7144,763
2016-09-19,8811,697
2016-09-20,8240,707
2016-09-21,7516,662
2016-09-22,7164,738
2016-09-23,6647,705
2016-09-24,6459,835
2016-09-25,6360,707
2016-09-26,6975,695
2016-09-27,7179,658
2016-09-28,7569,702
2016-09-29,7948,748
2016-09-30,7973,617
2016-10-01,6414,624
2016-10-02,7543,604
2016-10-03,6739,710
2016-10-04,9842,555
2016-10-05,10610,702
2016-10-06,7864,671
2016-10-07,6870,766
2016-10-08,6311,534
2016-10-09,7135,544
2016-10-10,7067,500
2016-10-11,7044,644
2016-10-12,7253,645
2016-10-13,9380,556
2016-10-14,8341,685
2016-10-15,7133,789
2016-10-16,7475,706
2016-10-17,7362,632
2016-10-18,7646,799
2016-10-19,7628,998
2016-10-20,9147,866
2016-10-21,7658,811
2016-10-22,10684,767
2016-10-23,8297,911
2016-10-24,8944,854
2016-10-25,11354,1647
2016-10-26,16474,2107
2016-10-27,10087,1288
2016-10-28,8656,1027
2016-10-29,12704,1002
2016-10-30,8440,1057
2016-10-31,8964,1047
2016-11-01,9272,1223
2016-11-02,12560,1780
2016-11-03,10984,2306
2016-11-04,15665,1602
2016-11-05,14868,1169
2016-11-06,11685,932
2016-11-07,9598,844
2016-11-08,23751,1047
2016-11-09,11843,697
2016-11-10,24384,887
2016-11-11,14229,1097
2016-11-12,14054,777
2016-11-13,10807,724
2016-11-14,11303,721
2016-11-15,10938,798
2016-11-16,11037,733
2016-11-17,20562,865
2016-11-18,10718,785
2016-11-19,15926,874
2016-11-20,11490,786
2016-11-21,9842,864
2016-11-22,13434,766
2016-11-23,9345,813
2016-11-24,12126,953
2016-11-25,8185,693
2016-11-26,15207,805
2016-11-27,12408,743
2016-11-28,11938,809
2016-11-29,12191,806
2016-11-30,11735,801
2016-12-01,12342,944
2016-12-02,13436,922
2016-12-03,8954,894
2016-12-04,10192,708
2016-12-05,9133,719
2016-12-06,15358,913
2016-12-07,10196,836
2016-12-08,14523,1079
2016-12-09,10037,1008
2016-12-10,9771,890
2016-12-11,9438,945
2016-12-12,10580,855
2016-12-13,8485,801
2016-12-14,9899,825
2016-12-15,8648,912
2016-12-16,10022,775
2016-12-17,10364,734
2016-12-18,11206,841
2016-12-19,8763,913
2016-12-20,9703,841
2016-12-21,10573,995
2016-12-22,10123,1055
2016-12-23,10310,1186
2016-12-24,10385,1125
2016-12-25,27181,2924
2016-12-26,19251,2000
2016-12-27,12937,1442
2016-12-28,11395,1272
2016-12-29,13274,1385
2016-12-30,13695,1458
2016-12-31,14651,1202
2017-01-01,9847,970
2017-01-02,9846,1050
2017-01-03,12327,1139
2017-01-04,10475,1077
2017-01-05,15726,1447
2017-01-06,11493,1348
2017-01-07,15714,1328
2017-01-08,10187,1131
2017-01-09,11988,1074
2017-01-10,10642,1076
2017-01-11,12294,1160
2017-01-12,10780,1169
2017-01-13,12515,1222
2017-01-14,9371,1122
2017-01-15,9936,1039
2017-01-16,11212,1479
2017-01-17,19870,2602
2017-01-18,12664,1382
2017-01-19,15233,1375
2017-01-20,15000,1125
2017-01-21,14593,1259
2017-01-22,14102,1558
2017-01-23,13495,1385
2017-01-24,12612,1289
2017-01-25,17124,1215
2017-01-26,25572,1410
2017-01-27,15894,1292
2017-01-28,10571,1081
2017-01-29,28323,1190
2017-01-30,18673,1129
2017-01-31,14815,1478
2017-02-01,11058,1236
2017-02-02,28956,1419
2017-02-03,20770,1277
2017-02-04,16638,1303
2017-02-05,14246,1703
2017-02-06,11222,2937
2017-02-07,11329,2032
2017-02-08,12121,1577
2017-02-09,19417,1570
2017-02-10,13704,1523
2017-02-11,11515,1418
2017-02-12,21419,2105
2017-02-13,11149,1463
2017-02-14,11133,1498
2017-02-15,10413,1472
2017-02-16,15013,1635
2017-02-17,12424,1454
2017-02-18,11596,1238
2017-02-19,21169,1507
2017-02-20,27366,1926
2017-02-21,15407,1574
2017-02-22,13179,1371
2017-02-23,13254,1418
2017-02-24,16909,1779
2017-02-25,13723,1541
2017-02-26,16541,1736
2017-02-27,12278,1500
2017-02-28,18916,1507
2017-03-01,14770,1604
2017-03-02,12548,1701
2017-03-03,18899,1400
2017-03-04,12290,1354
2017-03-05,18703,1620
2017-03-06,27161,1390
2017-03-07,15104,1551
2017-03-08,15058,1668
2017-03-09,14571,1488
2017-03-10,10505,1361
2017-03-11,18236,1250
2017-03-12,14675,1398
2017-03-13,13250,1251
2017-03-14,24613,1251
2017-03-15,24822,1252
2017-03-16,14436,1150
2017-03-17,13904,1192
2017-03-18,12778,1116
2017-03-19,14608,1182
2017-03-20,13313,1236
2017-03-21,20495,1420
2017-03-22,19342,1429
2017-03-23,13996,1332
2017-03-24,14357,1235
2017-03-25,16541,1254
2017-03-26,14238,1450
2017-03-27,12144,1501
2017-03-28,10725,2026
2017-03-29,11992,1539
2017-03-30,16469,1856
2017-03-31,11848,1715
2017-04-01,15040,1432
2017-04-02,17249,1565
2017-04-03,15763,1571
2017-04-04,23079,1597
2017-04-05,24917,3369
2017-04-06,18714,2117
2017-04-07,11874,1331
2017-04-08,11501,1402
2017-04-09,12193,1430
2017-04-10,11960,1640
2017-04-11,14412,1862
2017-04-12,13667,1651
2017-04-13,15065,2754
2017-04-14,12998,2109
2017-04-15,14066,3020
2017-04-16,26007,3580
2017-04-17,15514,2961
2017-04-18,13129,2816
2017-04-19,12462,2640
2017-04-20,17980,2556
2017-04-21,12587,3299
2017-04-22,12581,2546
2017-04-23,24998,3653
2017-04-24,12724,3047
2017-04-25,21148,3272
2017-04-26,13205,2812
2017-04-27,11169,2253
2017-04-28,10146,2223
2017-04-29,9262,2136
2017-04-30,13087,2252
2017-05-01,11963,2380
2017-05-02,12262,2918
2017-05-03,19078,3008
2017-05-04,13177,3677
2017-05-05,17217,2786
2017-05-06,11802,3561
2017-05-07,23571,5014
2017-05-08,13624,5561
2017-05-09,21292,5884
2017-05-10,12799,4398
2017-05-11,11764,4369
2017-05-12,13111,5303
2017-05-13,12186,3728
2017-05-14,29652,4446
2017-05-15,19926,3434
2017-05-16,24921,5130
2017-05-17,33732,5619
2017-05-18,20257,7555
2017-05-19,16316,4037
2017-05-20,17069,7424
2017-05-21,28146,8532
2017-05-22,17867,6768
2017-05-23,37031,13413
2017-05-24,19980,9912
2017-05-25,14099,5701
2017-05-26,22159,45327
2017-05-27,15093,15868
2017-05-28,16607,11468
2017-05-29,14503,12087
2017-05-30,15058,10901
2017-05-31,17254,13873
2017-06-01,26160,24063
2017-06-02,109561,42716
2017-06-03,26697,8840
2017-06-04,26394,8512
2017-06-05,163747,29132
2017-06-06,41359,10625
2017-06-07,32986,10553
2017-06-08,131649,30518
2017-06-09,48769,16057
2017-06-10,91795,24559
2017-06-11,30438,7216
2017-06-12,28529,8552
2017-06-13,321218,47513
2017-06-14,71171,21308
2017-06-15,48224,13580
2017-06-16,36102,10482
2017-06-17,25913,9017
2017-06-18,24708,5629
2017-06-19,22704,3941
2017-06-20,20148,3590
2017-06-21,16887,3460
2017-06-22,18201,2620
2017-06-23,23078,2958
2017-06-24,14886,2996
2017-06-25,15596,4613
2017-06-26,14118,2343
2017-06-27,16990,2259
2017-06-28,13727,2461
2017-06-29,12937,1863
2017-06-30,11342,1546
2017-07-01,37437,2620
2017-07-02,25382,2176
2017-07-03,18183,2228
2017-07-04,18269,2076
2017-07-05,15654,1623
2017-07-06,15033,2575
2017-07-07,12884,1525
2017-07-08,12994,1288
2017-07-09,15115,1333
2017-07-10,11129,1177
2017-07-11,10480,1143
2017-07-12,9356,991
2017-07-13,12456,1044
2017-07-14,12107,919
2017-07-15,10755,882
2017-07-16,10705,853
2017-07-17,9270,870
2017-07-18,8395,1050
2017-07-19,7828,943
2017-07-20,8093,1155
2017-07-21,9875,1207
2017-07-22,8569,1226
2017-07-23,7964,1046
2017-07-24,9985,1312
2017-07-25,10332,1316
2017-07-26,9576,1026
2017-07-27,9612,1008
2017-07-28,9074,1080
2017-07-29,8011,1794
2017-07-30,8332,1000
2017-07-31,10380,882
2017-08-01,10248,854
2017-08-02,10202,1180
2017-08-03,9012,973
2017-08-04,12671,918
2017-08-05,13995,950
2017-08-06,13252,767
2017-08-07,11523,985
2017-08-08,10814,1032
2017-08-09,10580,823
2017-08-10,9761,947
2017-08-11,8585,753
2017-08-12,9443,738
2017-08-13,8660,732
2017-08-14,8456,645
2017-08-15,8144,748
2017-08-16,7307,772
2017-08-17,7386,747
2017-08-18,7256,933
2017-08-19,7364,719
2017-08-20,7932,570
2017-08-21,6898,711
2017-08-22,6578,756
2017-08-23,10538,1676
2017-08-24,8548,985
2017-08-25,8369,923
2017-08-26,9085,721
2017-08-27,7078,633
2017-08-28,7197,607
2017-08-29,6331,659
2017-08-30,6223,741
2017-08-31,6451,732
2017-09-01,5976,684
2017-09-02,5838,606
2017-09-03,6596,618
2017-09-04,8431,657
2017-09-05,8399,602
2017-09-06,6570,669
2017-09-07,6523,698
2017-09-08,6822,690
2017-09-09,7668,617
2017-09-10,7167,592
2017-09-11,7962,518
2017-09-12,7840,635
2017-09-13,6557,745
2017-09-14,6832,657
2017-09-15,6933,775
2017-09-16,7133,691
2017-09-17,8570,679
2017-09-18,7939,711
2017-09-19,7818,645
2017-09-20,7684,756
2017-09-21,7626,842
2017-09-22,7670,759
2017-09-23,29378,1047
2017-09-24,32995,870
2017-09-25,16571,882
2017-09-26,11981,1068
2017-09-27,10892,1246
2017-09-28,9543,1099
2017-09-29,9039,832
2017-09-30,8511,713
2017-10-01,8050,728
2017-10-02,6622,648
2017-10-03,7226,697
2017-10-04,7222,842
2017-10-05,8360,799
2017-10-06,6739,723
2017-10-07,6722,630
2017-10-08,8179,630
2017-10-09,7424,650
2017-10-10,7329,657
2017-10-11,7170,705
2017-10-12,7704,787
2017-10-13,11117,871
2017-10-14,8509,647
2017-10-15,7698,648
2017-10-16,7912,907
2017-10-17,9665,1470
2017-10-18,17732,2281
2017-10-19,9769,1106
2017-10-20,10538,1076
2017-10-21,12642,987
2017-10-22,11151,966
2017-10-23,9939,937
2017-10-24,11654,1044
2017-10-25,9161,1092
2017-10-26,11053,1229
2017-10-27,8671,924
2017-10-28,10623,936
2017-10-29,8946,845
2017-10-30,9727,1042
2017-10-31,10259,902
2017-11-01,8453,1110
2017-11-02,9033,1545
2017-11-03,11891,1207
2017-11-04,10251,1163
2017-11-05,10515,1159
2017-11-06,9150,940
2017-11-07,10138,1179
2017-11-08,10069,1194
2017-11-09,12305,1230
2017-11-10,8892,1034
2017-11-11,8326,884
2017-11-12,11906,953
2017-11-13,10173,910
2017-11-14,10451,1026
2017-11-15,9546,957
2017-11-16,10611,1097
2017-11-17,12885,1236
2017-11-18,8250,915
2017-11-19,11264,919
2017-11-20,10285,828
2017-11-21,12453,1061
2017-11-22,9721,946
2017-11-23,12240,1011
2017-11-24,8317,759
2017-11-25,11981,863
2017-11-26,11429,826
2017-11-27,9493,816
2017-11-28,10912,923
2017-11-29,12495,867
2017-11-30,13462,942
2017-12-01,8894,884
2017-12-02,13650,775
2017-12-03,9664,803
2017-12-04,10845,834
2017-12-05,15626,954
2017-12-06,11856,904
2017-12-07,13252,1096
2017-12-08,10953,801
2017-12-09,10187,930
2017-12-10,9144,900
2017-12-11,8524,817
2017-12-12,9158,915
2017-12-13,8426,941
2017-12-14,8142,1021
2017-12-15,9220,1030
2017-12-16,7543,871
2017-12-17,7805,861
2017-12-18,12096,1100
2017-12-19,12739,1637
2017-12-20,8926,1584
2017-12-21,8915,1209
2017-12-22,8156,1048
2017-12-23,11774,1011
2017-12-24,9114,1404
2017-12-25,17510,2802
2017-12-26,12609,1691
2017-12-27,9541,1198
2017-12-28,10846,1179
2017-12-29,9470,1097
2017-12-30,11570,1162
2017-12-31,21038,969
2018-01-01,9885,868
2018-01-02,9819,1055
2018-01-03,10061,1189
2018-01-04,17065,1426
2018-01-05,18182,1205
2018-01-06,17048,1170
2018-01-07,19113,1157
2018-01-08,12099,980
2018-01-09,13582,1173
2018-01-10,12802,1083
2018-01-11,22364,1297
2018-01-12,12598,1399
2018-01-13,13494,1222
2018-01-14,15509,1176
2018-01-15,10048,1217
2018-01-16,20557,2053
2018-01-17,11462,1436
2018-01-18,14183,1437
2018-01-19,15761,1276
2018-01-20,14751,1315
2018-01-21,17907,1619
2018-01-22,10550,1740
2018-01-23,10910,1436
2018-01-24,20586,1727
2018-01-25,13168,1320
2018-01-26,21137,1301
2018-01-27,12878,1142
2018-01-28,37242,2220
2018-01-29,15183,1403
2018-01-30,14246,1351
2018-01-31,12774,1394
2018-02-01,12730,1916
2018-02-02,15291,1682
2018-02-03,19583,1355
2018-02-04,15523,1983
2018-02-05,15604,2311
2018-02-06,10919,1622
2018-02-07,13156,1802
2018-02-08,12872,2327
2018-02-09,13435,2085
2018-02-10,11293,1580
2018-02-11,15341,2218
2018-02-12,10961,2230
2018-02-13,15042,1785
2018-02-14,11446,1831
2018-02-15,12761,1744
2018-02-16,21846,1853
2018-02-17,23431,1367
2018-02-18,21019,2307
2018-02-19,42080,2322
2018-02-20,18409,1835
2018-02-21,14349,1606
2018-02-22,13203,1808
2018-02-23,17740,1629
2018-02-24,12587,1346
2018-02-25,23492,1536
2018-02-26,12625,1420
2018-02-27,15077,1434
2018-02-28,13646,1557
2018-03-01,14441,1551
2018-03-02,11137,1550
2018-03-03,11889,1283
2018-03-04,10684,1278
2018-03-05,9844,1366
2018-03-06,10170,1200
2018-03-07,12016,1351
2018-03-08,10698,1657
2018-03-09,14673,1535
2018-03-10,10923,1279
2018-03-11,14981,1328
2018-03-12,12605,1528
2018-03-13,31418,1429
2018-03-14,40407,1346
2018-03-15,33082,1206
2018-03-16,25131,1226
2018-03-17,12620,1088
2018-03-18,13385,1196
2018-03-19,11646,1285
2018-03-20,12318,1489
2018-03-21,12188,1368
2018-03-22,11024,1507
2018-03-23,9701,1144
2018-03-24,15069,1271
2018-03-25,11564,1367
2018-03-26,12534,1352
2018-03-27,9086,1354
2018-03-28,8931,1632
2018-03-29,15131,1528
2018-03-30,10367,1388
2018-03-31,9218,1552
2018-04-01,10137,1471
2018-04-02,8841,1496
2018-04-03,10101,1583
2018-04-04,9149,1606
2018-04-05,8495,1829
2018-04-06,8170,1607
2018-04-07,7084,1755
2018-04-08,8142,1513
2018-04-09,10744,1631
2018-04-10,8622,1848
2018-04-11,10859,1989
2018-04-12,10866,2967
2018-04-13,11680,2229
2018-04-14,13230,2904
2018-04-15,12573,3771
2018-04-16,10679,2824
2018-04-17,14029,2560
2018-04-18,9618,2158
2018-04-19,10302,2399
2018-04-20,11605,2145
2018-04-21,8050,2510
2018-04-22,11413,2682
2018-04-23,10343,3667
2018-04-24,9861,2357
2018-04-25,13928,2981
2018-04-26,10673,3405
2018-04-27,8007,1966
2018-04-28,8310,2873
2018-04-29,15662,4658
2018-04-30,10116,3295
2018-05-01,10598,2761
2018-05-02,32064,3742
2018-05-03,11981,2650
2018-05-04,12394,4134
2018-05-05,15520,2904
2018-05-06,20152,6289
2018-05-07,15851,4923
2018-05-08,13048,8581
2018-05-09,22172,7631
2018-05-10,12783,7627
2018-05-11,12347,5663
2018-05-12,12300,5547
2018-05-13,11272,5474
2018-05-14,11501,4346
2018-05-15,30596,6852
2018-05-16,17054,7318
2018-05-17,23382,4479
2018-05-18,12526,2876
2018-05-19,9251,2631
2018-05-20,11393,4222
2018-05-21,48479,5976
2018-05-22,20378,7847
2018-05-23,40224,6329
2018-05-24,17186,6591
2018-05-25,31152,8267
2018-05-26,17221,9290
2018-05-27,45992,11967
2018-05-28,32696,86226
2018-05-29,111402,184616
2018-05-30,31363,39932
2018-05-31,32451,34646
2018-06-01,133096,53378
2018-06-02,32139,12141
2018-06-03,29896,13354
2018-06-04,206234,37441
2018-06-05,45682,12280
2018-06-06,37328,12705
2018-06-07,100813,45722
2018-06-08,39283,16856
2018-06-09,300458,75443
2018-06-10,69205,12871
2018-06-11,46993,11043
2018-06-12,35939,8175
2018-06-13,30436,5759
2018-06-14,22563,4459
2018-06-15,17536,3571
2018-06-16,15204,2618
2018-06-17,16905,2302
2018-06-18,17016,2376
2018-06-19,15758,2036
2018-06-20,15075,1960
2018-06-21,17962,1905
2018-06-22,19136,1786
2018-06-23,12959,1520
2018-06-24,11646,1477
2018-06-25,40882,1517
2018-06-26,20966,2197
2018-06-27,13634,1725
2018-06-28,11490,1644
2018-06-29,10924,2035
2018-06-30,10814,2212
2018-07-01,11471,2225
2018-07-02,27699,8998
2018-07-03,31306,5498
2018-07-04,15988,2538
2018-07-05,37776,2101
2018-07-06,17818,1887
2018-07-07,13618,1687
2018-07-08,11542,1530
2018-07-09,10488,1606
2018-07-10,10280,1633
2018-07-11,12044,1505
2018-07-12,9868,1296
2018-07-13,8908,1102
2018-07-14,9516,1045
2018-07-15,10232,1224
2018-07-16,8522,1178
2018-07-17,7413,1070
2018-07-18,8855,1508
2018-07-19,9237,1301
2018-07-20,9786,1461
2018-07-21,7830,1163
2018-07-22,7511,1104
2018-07-23,7469,1121
2018-07-24,7176,1249
2018-07-25,7007,1199
2018-07-26,7001,1248
2018-07-27,6668,1092
2018-07-28,6196,1020
2018-07-29,6199,905
2018-07-30,19269,1036
2018-07-31,9713,1097
2018-08-01,8400,1036
2018-08-02,7376,1141
2018-08-03,7632,919
2018-08-04,7227,970
2018-08-05,6867,926
2018-08-06,8388,961
2018-08-07,7506,1010
2018-08-08,7114,935
2018-08-09,7484,995
2018-08-10,7000,903
2018-08-11,8186,931
2018-08-12,6109,1279
2018-08-13,6116,1025
2018-08-14,5501,1130
2018-08-15,5229,837
2018-08-16,7775,1027
2018-08-17,7219,868
2018-08-18,7431,809
2018-08-19,5985,803
2018-08-20,5993,741
2018-08-21,5503,805
2018-08-22,5463,833
2018-08-23,5970,929
2018-08-24,6114,950
2018-08-25,5146,791
2018-08-26,5822,811
2018-08-27,6737,882
2018-08-28,6567,944
2018-08-29,6635,965
2018-08-30,6288,899
2018-08-31,5739,733
2018-09-01,5497,722
2018-09-02,7110,781
2018-09-03,10103,744
2018-09-04,7040,754
2018-09-05,6450,788
2018-09-06,7332,711
2018-09-07,7495,812
2018-09-08,6861,735
2018-09-09,7494,865
2018-09-10,6636,624
2018-09-11,6318,710
2018-09-12,6064,698
2018-09-13,6367,758
2018-09-14,9446,712
2018-09-15,9414,764
2018-09-16,7655,720
2018-09-17,6749,868
2018-09-18,6186,764
2018-09-19,5986,766
2018-09-20,6530,765
2018-09-21,6142,721
2018-09-22,5906,652
2018-09-23,6888,696
2018-09-24,6288,830
2018-09-25,19969,1175
2018-09-26,7581,994
2018-09-27,6768,1027
2018-09-28,6339,820
2018-09-29,6015,833
2018-09-30,8384,874
2018-10-01,6440,769
2018-10-02,6323,735
2018-10-03,6445,999
2018-10-04,6223,835
2018-10-05,6287,807
2018-10-06,6979,732
2018-10-07,5310,606
2018-10-08,6443,698
2018-10-09,6660,824
2018-10-10,6788,908
2018-10-11,9782,1100
2018-10-12,6481,803
2018-10-13,11447,861
2018-10-14,8598,916
2018-10-15,8869,1149
2018-10-16,10095,1901
2018-10-17,20989,2521
2018-10-18,11256,1620
2018-10-19,18954,1693
2018-10-20,13067,1361
2018-10-21,10312,1459
2018-10-22,12939,1126
2018-10-23,13740,1222
2018-10-24,9343,1274
2018-10-25,35611,1414
2018-10-26,17991,1306
2018-10-27,14377,1142
2018-10-28,14538,1491
2018-10-29,16749,1843
2018-10-30,17868,1618
2018-10-31,12463,1331
2018-11-01,17146,1390
2018-11-02,13920,1180
2018-11-03,16701,1238
2018-11-04,14435,1133
2018-11-05,10901,1039
2018-11-06,10989,1031
2018-11-07,9466,894
2018-11-08,9557,1069
2018-11-09,11010,1098
2018-11-10,8989,988
2018-11-11,8969,1071
2018-11-12,8748,995
2018-11-13,9374,996
2018-11-14,12309,2127
2018-11-15,13349,1615
2018-11-16,12129,1662
2018-11-17,9283,1158
2018-11-18,10271,1065
2018-11-19,9995,1293
2018-11-20,8677,1173
2018-11-21,11229,1240
2018-11-22,13469,1704
2018-11-23,10940,983
2018-11-24,14313,1000
2018-11-25,9473,939
2018-11-26,8984,1033
2018-11-27,10195,1016
2018-11-28,8848,990
2018-11-29,13951,1062
2018-11-30,19573,1209
2018-12-01,10845,1066
2018-12-02,9321,971
2018-12-03,8199,917
2018-12-04,12107,1250
2018-12-05,9110,1486
2018-12-06,12076,1608
2018-12-07,9370,1231
2018-12-08,11141,1241
2018-12-09,7978,1173
2018-12-10,8718,1073
2018-12-11,17225,1630
2018-12-12,15805,1463
2018-12-13,13683,1599
2018-12-14,8403,1198
2018-12-15,11078,1123
2018-12-16,7775,1075
2018-12-17,7064,4086
2018-12-18,15553,1191
2018-12-19,10329,1072
2018-12-20,8995,1022
2018-12-21,7865,1063
2018-12-22,7127,1701
2018-12-23,7193,1038
2018-12-24,9491,1059
2018-12-25,10909,1762
2018-12-26,24062,2243
2018-12-27,9759,1370
2018-12-28,16904,1435
2018-12-29,10827,1181
2018-12-30,20292,1287
2018-12-31,10327,1502
2019-01-01,10030,1307
2019-01-02,9648,1432
2019-01-03,9303,1673
2019-01-04,12848,2084
2019-01-05,10450,1539
2019-01-06,26876,1423
2019-01-07,10480,1219
2019-01-08,9570,1187
2019-01-09,12328,1212
2019-01-10,12712,1227
2019-01-11,9615,1156
2019-01-12,23975,1263
2019-01-13,16320,1211
2019-01-14,16220,1176
2019-01-15,10764,1311
2019-01-16,15249,1450
2019-01-17,19549,1604
2019-01-18,11748,1414
2019-01-19,16130,1330
2019-01-20,13059,1285
2019-01-21,9698,1913
2019-01-22,15016,1588
2019-01-23,15211,1249
2019-01-24,12158,1324
2019-01-25,19094,1749
2019-01-26,16421,1401
2019-01-27,24571,1712
2019-01-28,12163,1468
2019-01-29,14785,1584
2019-01-30,11181,1602
2019-01-31,11398,1537
2019-02-01,15284,1760
2019-02-02,11078,1471
2019-02-03,22150,2124
2019-02-04,11351,3232
2019-02-05,10309,2150
2019-02-06,12439,2058
2019-02-07,14870,2063
2019-02-08,12600,2414
2019-02-09,12633,1824
2019-02-10,11052,1820
2019-02-11,13494,1761
2019-02-12,11330,1872
2019-02-13,16376,2097
2019-02-14,22165,2193
2019-02-15,13906,1630
2019-02-16,30602,1412
2019-02-17,78929,1565
2019-02-18,50015,2377
2019-02-19,18519,2123
2019-02-20,15339,1805
2019-02-21,14083,1563
2019-02-22,16572,1698
2019-02-23,14553,1493
2019-02-24,15724,1831
2019-02-25,10078,1476
2019-02-26,13635,1801
2019-02-27,10372,1496
2019-02-28,12231,1612
2019-03-01,9869,1319
2019-03-02,10441,1356
2019-03-03,16292,1645
2019-03-04,9867,1530
2019-03-05,9326,1823
2019-03-06,10633,1685
2019-03-07,11406,2407
2019-03-08,12690,1970
2019-03-09,17753,1742
2019-03-10,11901,1706
2019-03-11,11084,1536
2019-03-12,9511,1283
2019-03-13,9419,1367
2019-03-14,29456,1465
2019-03-15,16332,1243
2019-03-16,11007,1080
2019-03-17,18070,1340
2019-03-18,10417,1234
2019-03-19,14355,1475
2019-03-20,12739,1479
2019-03-21,12915,1401
2019-03-22,14812,1369
2019-03-23,19063,2385
2019-03-24,18504,1747
2019-03-25,12212,1558
2019-03-26,9834,1732
2019-03-27,8714,1973
2019-03-28,10624,1888
2019-03-29,11220,1852
2019-03-30,11438,1559
2019-03-31,16714,1414
2019-04-01,18541,1293
2019-04-02,11317,1324
2019-04-03,22129,1453
2019-04-04,13186,1407
2019-04-05,13452,1544
2019-04-06,12922,1545
2019-04-07,11654,1720
2019-04-08,21398,1989
2019-04-09,12433,1733
2019-04-10,12620,2612
2019-04-11,11950,2806
2019-04-12,10227,2289
2019-04-13,10358,2272
2019-04-14,47725,3118
2019-04-15,18444,2208
2019-04-16,17513,2494
2019-04-17,14251,1905
2019-04-18,10702,1940
2019-04-19,16198,2333
2019-04-20,12543,2175
2019-04-21,17900,2854
2019-04-22,12790,2394
2019-04-23,9353,2310
2019-04-24,14632,3076
2019-04-25,15206,3322
2019-04-26,8513,2009
2019-04-27,15007,2506
2019-04-28,19599,3639
2019-04-29,11834,2403
2019-04-30,13035,2308
2019-05-01,24098,3256
2019-05-02,15897,2066
2019-05-03,13763,2244
2019-05-04,23465,2537
2019-05-05,34655,3493
2019-05-06,30267,2523
2019-05-07,26801,4344
2019-05-08,26282,3379
2019-05-09,45589,5883
2019-05-10,36550,4093
2019-05-11,68664,9685
2019-05-12,37320,5786
2019-05-13,51427,9831
2019-05-14,43988,5820
2019-05-15,126795,7545
2019-05-16,43503,5163
2019-05-17,139787,6989
2019-05-18,39568,5553
2019-05-19,80535,9503
2019-05-20,29456,6759
2019-05-21,107749,31145
2019-05-22,37541,11727
2019-05-23,35034,9563
2019-05-24,30528,9642
2019-05-25,19685,6152
2019-05-26,39085,26180
2019-05-27,26736,13277
2019-05-28,29418,10858
2019-05-29,33484,9377
2019-05-30,40505,14024
2019-05-31,138662,29079
2019-06-01,28824,6801
2019-06-02,25940,7807
2019-06-03,84294,17528
2019-06-04,24317,5709
2019-06-05,26559,6406
2019-06-06,101585,21058
2019-06-07,44049,8805
2019-06-08,73978,30843
2019-06-09,21527,11580
2019-06-10,23257,14186
2019-06-11,105199,28569
2019-06-12,27350,9462
2019-06-13,26082,10927
2019-06-14,153800,63642
2019-06-15,42194,12043
2019-06-16,29252,7057
2019-06-17,27569,6190
2019-06-18,21749,4921
2019-06-19,19874,3609
2019-06-20,25946,3112
2019-06-21,33054,2604
2019-06-22,18288,2009
2019-06-23,15649,1960
2019-06-24,17136,1935
2019-06-25,17471,2361
2019-06-26,14149,1932
2019-06-27,11772,1763
2019-06-28,16784,2065
2019-06-29,12532,1836
2019-06-30,14114,2046
2019-07-01,27725,3318
2019-07-02,17531,2716
2019-07-03,13779,2236
2019-07-04,11325,1754
2019-07-05,11398,1647
2019-07-06,12628,2809
2019-07-07,11315,2172
2019-07-08,12581,2023
2019-07-09,10935,1716
2019-07-10,9737,1655
2019-07-11,8937,1625
2019-07-12,15688,2663
2019-07-13,13284,1740
2019-07-14,10186,1516
2019-07-15,8662,1607
2019-07-16,7909,2995
2019-07-17,8272,1740
2019-07-18,10956,1725
2019-07-19,12598,1495
2019-07-20,12185,1358
2019-07-21,9338,1221
2019-07-22,7808,1197
2019-07-23,7273,1306
2019-07-24,7137,1293
2019-07-25,7243,1316
2019-07-26,7401,1086
2019-07-27,6095,1181
2019-07-28,6114,1333
2019-07-29,6373,1226
2019-07-30,6204,1112
2019-07-31,7073,1197
2019-08-01,6073,1124
2019-08-02,6975,1212
2019-08-03,6567,1027
2019-08-04,6020,1025
2019-08-05,6314,1071
2019-08-06,6346,1174
2019-08-07,6679,1109
2019-08-08,5775,985
2019-08-09,5569,806
2019-08-10,4791,923
2019-08-11,4895,761
2019-08-12,5209,843
2019-08-13,5119,999
2019-08-14,5137,1072
2019-08-15,5249,959
2019-08-16,6057,849
2019-08-17,4989,705
2019-08-18,5119,766
2019-08-19,6118,787
2019-08-20,6623,792
2019-08-21,6071,760
2019-08-22,6222,886
2019-08-23,6537,789
2019-08-24,5123,865
2019-08-25,5399,907
2019-08-26,6387,804
2019-08-27,5654,790
2019-08-28,5558,1386
2019-08-29,5149,1297
2019-08-30,5346,904
2019-08-31,4977,859
2019-09-01,4974,719
2019-09-02,5207,785
2019-09-03,5154,857
2019-09-04,5004,826
2019-09-05,4932,801
2019-09-06,4481,742
2019-09-07,4807,704
2019-09-08,4789,736
2019-09-09,5205,698
2019-09-10,5523,782
2019-09-11,5970,916
2019-09-12,5830,766
2019-09-13,5693,811
2019-09-14,5891,722
2019-09-15,6273,711
2019-09-16,6264,710
2019-09-17,6134,759
2019-09-18,8179,892
2019-09-19,8410,924
2019-09-20,6209,740
2019-09-21,5319,548
2019-09-22,5338,664
2019-09-23,5461,566
2019-09-24,5621,732
2019-09-25,4952,660
2019-09-26,9189,969
2019-09-27,6404,753
2019-09-28,5553,733
2019-09-29,5525,828
2019-09-30,5951,1442
2019-10-01,6904,921
2019-10-02,6052,759
2019-10-03,6225,766
2019-10-04,5745,693
2019-10-05,5591,680
2019-10-06,6534,837
2019-10-07,5220,762
2019-10-08,4906,834
2019-10-09,5977,802
2019-10-10,5794,825
2019-10-11,6342,837
2019-10-12,4804,677
2019-10-13,5214,620
2019-10-14,5905,699
2019-10-15,5977,763
2019-10-16,5387,864
2019-10-17,7439,958
2019-10-18,5682,835
2019-10-19,6189,885
2019-10-20,5318,890
2019-10-21,6032,976
2019-10-22,17419,1578
2019-10-23,12099,2091
2019-10-24,10173,1519
2019-10-25,12147,1819
2019-10-26,7304,1261
2019-10-27,7675,1270
2019-10-28,10363,1304
2019-10-29,10077,1180
2019-10-30,7096,1483
2019-10-31,15420,2240
2019-11-01,10481,1295
2019-11-02,11057,1484
2019-11-03,8029,1088
2019-11-04,7345,1091
2019-11-05,8149,1066
2019-11-06,7199,1292
2019-11-07,8647,1366
2019-11-08,7145,1130
2019-11-09,7785,1118
2019-11-10,7047,925
2019-11-11,6222,1034
2019-11-12,7900,1160
2019-11-13,7614,1059
2019-11-14,10549,1427
2019-11-15,7308,1046
2019-11-16,8233,1165
2019-11-17,8323,1122
2019-11-18,6973,1124
2019-11-19,8094,1144
2019-11-20,7183,1300
2019-11-21,8805,1326
2019-11-22,5736,898
2019-11-23,6331,1124
2019-11-24,6744,928
2019-11-25,6099,989
2019-11-26,6780,1018
2019-11-27,6711,941
2019-11-28,8300,1087
2019-11-29,7121,903
2019-11-30,7558,1029
2019-12-01,7249,988
2019-12-02,7274,893
2019-12-03,6445,928
2019-12-04,7348,984
2019-12-05,7645,1024
2019-12-06,6051,857
2019-12-07,6281,984
2019-12-08,5407,887
2019-12-09,6383,907
2019-12-10,6596,984
2019-12-11,6588,1043
2019-12-12,16246,1223
2019-12-13,10430,890
2019-12-14,8674,1132
2019-12-15,7244,901
2019-12-16,7776,894
2019-12-17,8984,1002
2019-12-18,6872,1318
2019-12-19,11344,1291
2019-12-20,8193,1330
2019-12-21,9184,936
2019-12-22,8608,922
2019-12-23,6718,886
2019-12-24,6220,1031
2019-12-25,12464,1556
2019-12-26,13901,2072
2019-12-27,9088,1280
2019-12-28,9154,1252
2019-12-29,12220,1153
2019-12-30,10663,1357
2019-12-31,8487,1360
2020-01-01,7487,1308
2020-01-02,8265,1403
2020-01-03,8881,1344
2020-01-04,7859,1331
2020-01-05,7479,1193
2020-01-06,5818,1128
2020-01-07,6553,1147
2020-01-08,6125,1166
2020-01-09,8931,1122
2020-01-10,7022,1227
2020-01-11,8878,1096
2020-01-12,7146,1065
2020-01-13,6241,1009
2020-01-14,5985,991
2020-01-15,7765,977
2020-01-16,7175,955
2020-01-17,6662,959
2020-01-18,7266,952
2020-01-19,11743,1082
2020-01-20,6424,1099
2020-01-21,7775,1425
2020-01-22,6284,1026
2020-01-23,11863,1230
2020-01-24,11149,1236
2020-01-25,8645,1060
2020-01-26,14537,6884
2020-01-27,26504,11044
2020-01-28,20399,6878
2020-01-29,17431,5360
2020-01-30,15291,4072
2020-01-31,17558,3579
2020-02-01,19214,4610
2020-02-02,17200,3549
2020-02-03,13373,3023
2020-02-04,14745,2278
2020-02-05,12926,2282
2020-02-06,14729,2416
2020-02-07,13853,2220
2020-02-08,13439,1961
2020-02-09,24137,2238
2020-02-10,13544,1880
2020-02-11,12804,1859
2020-02-12,10203,1865
2020-02-13,10018,1763
2020-02-14,8696,1669
2020-02-15,8953,1485
2020-02-16,10550,1634
2020-02-17,18571,1891
2020-02-18,13730,1531
2020-02-19,11218,1663
2020-02-20,10020,1593
2020-02-21,10826,1704
2020-02-22,9233,1455
2020-02-23,9221,1858
2020-02-24,9488,2024
2020-02-25,11334,1823
2020-02-26,11368,1721
2020-02-27,10169,1496
2020-02-28,10428,1460
2020-02-29,11377,1322
2020-03-01,9624,1433
2020-03-02,10422,1397
2020-03-03,11928,1269
2020-03-04,9856,1280
2020-03-05,14830,1432
2020-03-06,25821,1707
2020-03-07,15206,1688
2020-03-08,14091,1749
2020-03-09,8638,1572
2020-03-10,8479,1303
2020-03-11,9482,1380
2020-03-12,6567,1457
2020-03-13,5770,962
2020-03-14,14124,2420
2020-03-15,19227,1802
2020-03-16,9473,1289
2020-03-17,7511,1258
2020-03-18,7223,1381
2020-03-19,7289,1543
2020-03-20,6831,2383
2020-03-21,8927,2254
2020-03-22,8230,2187
2020-03-23,7692,1905
2020-03-24,7819,2038
2020-03-25,7617,1911
2020-03-26,10057,2431
2020-03-27,9192,2105
2020-03-28,8051,3817
2020-03-29,7878,3678
2020-03-30,7448,2310
2020-03-31,7765,2251
2020-04-01,7457,2159
2020-04-02,9021,3449
2020-04-03,7401,2153
2020-04-04,8031,3975
2020-04-05,7968,5914
2020-04-06,7463,2447
2020-04-07,7236,2253
2020-04-08,8041,2344
2020-04-09,8617,4166
2020-04-10,7433,2153
2020-04-11,8249,3490
2020-04-12,8451,3138
2020-04-13,7983,2314
2020-04-14,6977,2349
2020-04-15,8259,2833
2020-04-16,8177,4702
2020-04-17,8149,2821
2020-04-18,7591,2867
2020-04-19,8429,3295
2020-04-20,10384,7705
2020-04-21,13364,5807
2020-04-22,10136,5199
2020-04-23,9113,5781
2020-04-24,7669,3320
2020-04-25,7604,3589
2020-04-26,9349,5294
2020-04-27,10154,12946
2020-04-28,11095,9234
2020-04-29,10920,7767
2020-04-30,11642,8744
2020-05-01,9704,5867
2020-05-02,9247,4817
2020-05-03,9557,6707
2020-05-04,12606,10687
2020-05-05,12671,8326
2020-05-06,11390,6541
2020-05-07,10713,5673
2020-05-08,9569,4672
2020-05-09,11801,5704
2020-05-10,15771,7486
2020-05-11,14974,11339
2020-05-12,13877,9170
2020-05-13,13092,7707
2020-05-14,13775,7581
2020-05-15,14463,5742
2020-05-16,12436,5890
2020-05-17,12776,6866
2020-05-18,20846,21330
2020-05-19,19544,15267
2020-05-20,17645,10493
2020-05-21,18149,9282
2020-05-22,17435,7736
2020-05-23,15537,8053
2020-05-24,17983,8097
2020-05-25,19446,6377
2020-05-26,15372,5564
2020-05-27,12920,4910
2020-05-28,12286,4296
2020-05-29,11345,3464
2020-05-30,10119,4034
2020-05-31,9657,3724
2020-06-01,8728,3064
2020-06-02,7876,2898
2020-06-03,7997,2940
2020-06-04,8381,3310
2020-06-05,8411,2626
2020-06-06,8075,2796
2020-06-07,8961,4066
2020-06-08,8661,2722
2020-06-09,8072,2387
2020-06-10,7892,2406
2020-06-11,7791,2374
2020-06-12,8373,2266
2020-06-13,7533,2219
2020-06-14,7931,2617
2020-06-15,7982,2464
2020-06-16,7206,2149
2020-06-17,6780,2195
2020-06-18,6979,2112
2020-06-19,7496,1847
2020-06-20,6855,1999
2020-06-21,7320,2405
2020-06-22,7217,2067
2020-06-23,6543,1718
2020-06-24,6084,1487
2020-06-25,6955,1600
2020-06-26,7672,1661
2020-06-27,6332,1480
2020-06-28,6493,1581
2020-06-29,6331,1671
2020-06-30,6009,1552
2020-07-01,5758,1369
2020-07-02,5815,1372
2020-07-03,6119,1311
2020-07-04,5629,1368
2020-07-05,5845,1215
2020-07-06,5538,1064
2020-07-07,6107,1154
2020-07-08,7336,1318
2020-07-09,7360,1288
2020-07-10,7314,1134
2020-07-11,8520,1212
2020-07-12,8657,1259
2020-07-13,8322,1210
2020-07-14,6294,1137
2020-07-15,5584,1053
2020-07-16,5173,1115
2020-07-17,5597,1041
2020-07-18,5775,1105
2020-07-19,6514,1357
2020-07-20,6098,1586
2020-07-21,5951,1813
2020-07-22,6128,2007
2020-07-23,6436,1999
2020-07-24,9533,1922
2020-07-25,6921,1838
2020-07-26,6528,1946
2020-07-27,6642,1841
2020-07-28,6048,1739
2020-07-29,6142,1630
2020-07-30,6263,1767
2020-07-31,8861,2242
2020-08-01,10396,1851
2020-08-02,7163,1974
2020-08-03,8261,1745
2020-08-04,7327,1741
2020-08-05,6674,1584
2020-08-06,6073,1507
2020-08-07,6693,1520
2020-08-08,7480,1562
2020-08-09,10071,1645
2020-08-10,10777,1499
2020-08-11,8756,1571
2020-08-12,8549,1555
2020-08-13,7399,1611
2020-08-14,7828,1720
2020-08-15,6990,1666
2020-08-16,6841,1673
2020-08-17,7280,2206
2020-08-18,11616,2320
2020-08-19,11066,2835
2020-08-20,15131,2213
2020-08-21,69564,2341
2020-08-22,21992,2038
2020-08-23,22252,2778
2020-08-24,16901,2745
2020-08-25,11923,2453
2020-08-26,10951,2025
2020-08-27,6856,1343
2020-08-28,6348,1266
2020-08-29,6543,1508
2020-08-30,17707,2327
2020-08-31,8822,1811
2020-09-01,7978,1958
2020-09-02,7310,2030
2020-09-03,8810,2565
2020-09-04,8204,1992
2020-09-05,8607,2462
2020-09-06,8250,2281
2020-09-07,9721,2353
2020-09-08,7889,2038
2020-09-09,11595,3455
2020-09-10,8563,2777
2020-09-11,9153,2624
2020-09-12,8924,3990
2020-09-13,9232,4385
2020-09-14,6644,2616
2020-09-15,6661,2559
2020-09-16,10976,6532
2020-09-17,8527,3138
2020-09-18,9182,3787
2020-09-19,9515,4032
2020-09-20,7392,2905
2020-09-21,7533,3176
2020-09-22,7097,2091
2020-09-23,7411,2617
2020-09-24,7505,3678
2020-09-25,8152,4427
2020-09-26,7596,4023
2020-09-27,10218,31094
2020-09-28,10918,28594
2020-09-29,8085,10040
2020-09-30,7644,10652
2020-10-01,11413,18458
2020-10-02,7156,6173
2020-10-03,9942,13276
2020-10-04,7040,6541
2020-10-05,8161,10225
2020-10-06,6626,5270
2020-10-07,10966,14223
2020-10-08,7452,7027
2020-10-09,7536,8124
2020-10-10,11006,18917
2020-10-11,7215,8132
2020-10-12,31083,44090
2020-10-13,13617,10848
2020-10-14,11446,6263
2020-10-15,10202,4385
2020-10-16,9392,3534
2020-10-17,7857,2661
2020-10-18,7829,2664
2020-10-19,9883,2554
2020-10-20,10480,1996
2020-10-21,8267,1945
2020-10-22,7372,1895
2020-10-23,6654,1614
2020-10-24,5972,1442
2020-10-25,5805,1695
2020-10-26,5969,1646
2020-10-27,5826,1467
2020-10-28,6304,2114
2020-10-29,6257,1491
2020-10-30,5599,1293
2020-10-31,5169,1094
2020-11-01,5218,1110
2020-11-02,6321,1155
2020-11-03,7403,1057
2020-11-04,4844,837
2020-11-05,4726,922
2020-11-06,5126,912
2020-11-07,5365,842
2020-11-08,5176,787
2020-11-09,5682,857
2020-11-10,5103,1116
2020-11-11,5844,1082
2020-11-12,6458,1018
2020-11-13,5541,996
2020-11-14,5561,934
2020-11-15,5773,1102
2020-11-16,6301,1178
2020-11-17,7124,1337
2020-11-18,7823,1207
2020-11-19,23438,1727
2020-11-20,12330,1321
2020-11-21,8290,1278
2020-11-22,7534,1196
2020-11-23,7171,1336
2020-11-24,7722,1265
2020-11-25,6911,1099
2020-11-26,6933,1171
2020-11-27,13482,1047
2020-11-28,9207,935
2020-11-29,6674,954
2020-11-30,7663,979
2020-12-01,10274,1071
2020-12-02,9896,1222
2020-12-03,12201,1431
2020-12-04,8868,1330
2020-12-05,6632,1086
2020-12-06,6689,1120
2020-12-07,6648,1118
2020-12-08,8529,1346
2020-12-09,6739,1096
2020-12-10,7353,1171
2020-12-11,6390,1257
2020-12-12,6344,1229
2020-12-13,9293,1068
2020-12-14,6803,1203
2020-12-15,6740,1126
2020-12-16,11673,1270
2020-12-17,6906,1264
2020-12-18,9012,1184
2020-12-19,7467,1122
2020-12-20,6577,1012
2020-12-21,8501,1084
2020-12-22,10336,1415
2020-12-23,16554,2275
2020-12-24,9414,1375
2020-12-25,15611,1830
2020-12-26,11369,1924
2020-12-27,14588,2170
2020-12-28,16167,1421
2020-12-29,9687,1205
2020-12-30,13321,1324
2020-12-31,8010,1281
2021-01-01,8546,1121
2021-01-02,11228,1407
2021-01-03,11547,1442
2021-01-04,46271,1334
2021-01-05,23715,1349
2021-01-06,12115,1132
2021-01-07,12852,1121
2021-01-08,11415,1049
2021-01-09,19986,1157
2021-01-10,11583,1041
2021-01-11,12044,1149
2021-01-12,8089,1063
2021-01-13,11673,1480
2021-01-14,22209,2154
2021-01-15,17012,1725
2021-01-16,9961,1537
2021-01-17,9769,1634
2021-01-18,9637,1357
2021-01-19,19366,1811
2021-01-20,9953,1153
2021-01-21,43768,1374
2021-01-22,70245,1452
2021-01-23,31377,1301
2021-01-24,36148,1558
2021-01-25,16203,2424
2021-01-26,16980,1870
2021-01-27,13981,1351
2021-01-28,22165,1518
2021-01-29,16982,1295
2021-01-30,13187,1306
2021-01-31,16098,1762
2021-02-01,11242,1267
2021-02-02,9609,1263
2021-02-03,15633,1416
2021-02-04,9622,1358
2021-02-05,13292,1469
2021-02-06,9240,1372
2021-02-07,22991,1734
2021-02-08,11272,2725
2021-02-09,12833,1591
2021-02-10,15027,1496
2021-02-11,11272,1413
2021-02-12,18217,1324
2021-02-13,12668,1329
2021-02-14,16252,1510
2021-02-15,9410,1307
2021-02-16,12316,1329
2021-02-17,10033,1401
2021-02-18,15829,1408
2021-02-19,17231,1487
2021-02-20,11557,1221
2021-02-21,12819,1376
2021-02-22,10025,1327
2021-02-23,8416,1302
2021-02-24,12188,1219
2021-02-25,11372,1370
2021-02-26,10185,1145
2021-02-27,10581,1107
2021-02-28,10301,1240
2021-03-01,15151,1507
2021-03-02,8451,1328
2021-03-03,9379,1172
2021-03-04,11468,1192
2021-03-05,10576,1173
2021-03-06,9056,1103
2021-03-07,13470,1187
2021-03-08,110670,1928
2021-03-09,28773,1306
2021-03-10,15064,1146
2021-03-11,12882,1158
2021-03-12,13195,1227
2021-03-13,11409,1112
2021-03-14,23126,1252
2021-03-15,23889,1187
2021-03-16,17909,1291
2021-03-17,12841,1279
2021-03-18,13232,1157
2021-03-19,13213,1091
2021-03-20,12460,1066
2021-03-21,13325,1083
2021-03-22,10785,1347
2021-03-23,9142,1426
2021-03-24,11116,1338
2021-03-25,9465,1305
2021-03-26,8693,1198
2021-03-27,8469,1149
2021-03-28,10232,1477
2021-03-29,8620,1314
2021-03-30,13137,1370
2021-03-31,10816,1307
2021-04-01,8681,1265
2021-04-02,10223,1218
2021-04-03,10718,1227
2021-04-04,11688,1290
2021-04-05,12378,1362
2021-04-06,10113,1386
2021-04-07,13162,1183
2021-04-08,9568,1254
2021-04-09,9199,1218
2021-04-10,10214,1023
2021-04-11,11327,1296
2021-04-12,9904,1261
2021-04-13,38906,1353
2021-04-14,13641,1233
2021-04-15,16737,1296
2021-04-16,14080,1166
2021-04-17,10910,1172
2021-04-18,29058,1271
2021-04-19,14178,1197
2021-04-20,46650,1362
2021-04-21,18079,1192
2021-04-22,15058,1149
2021-04-23,11054,1087
2021-04-24,18079,1193
2021-04-25,14732,1164
2021-04-26,15878,1129
2021-04-27,10808,1182
2021-04-28,10586,1268
2021-04-29,8662,1142
2021-04-30,8389,961
2021-05-01,7609,931
2021-05-02,11671,965
2021-05-03,9493,1122
2021-05-04,15364,1163
2021-05-05,12699,1090
2021-05-06,8312,1062
2021-05-07,11786,1048
2021-05-08,9209,999
2021-05-09,14388,1054
2021-05-10,12721,1169
2021-05-11,14315,1129
2021-05-12,11448,1227
2021-05-13,8733,1206
2021-05-14,8327,1157
2021-05-15,9374,1238
2021-05-16,22262,1481
2021-05-17,38658,1897
2021-05-18,18621,1722
2021-05-19,16494,2025
2021-05-20,38871,2650
2021-05-21,19909,1811
2021-05-22,35712,2179
2021-05-23,17110,2025
2021-05-24,12775,1591
2021-05-25,11413,1638
2021-05-26,11241,2019
2021-05-27,10222,1627
2021-05-28,9813,2088
2021-05-29,10773,1759
2021-05-30,11043,2264
2021-05-31,10001,2407
2021-06-01,10928,1782
2021-06-02,11204,2818
2021-06-03,15963,2606
2021-06-04,14237,8962
2021-06-05,9654,5459
2021-06-06,13150,4308
2021-06-07,8602,2635
2021-06-08,11402,2662
2021-06-09,15996,2611
2021-06-10,9037,2291
2021-06-11,8297,2209
2021-06-12,9953,2171
2021-06-13,7536,2139
2021-06-14,8604,2741
2021-06-15,12226,2079
2021-06-16,16792,2328
2021-06-17,19337,2109
2021-06-18,10979,1846
2021-06-19,22285,2609
2021-06-20,13558,5218
2021-06-21,27070,5424
2021-06-22,10206,2512
2021-06-23,9786,3037
2021-06-24,10770,2888
2021-06-25,9444,2454
2021-06-26,8390,2010
2021-06-27,9394,3698
2021-06-28,8525,3362
2021-06-29,7828,3141
2021-06-30,9975,2916
2021-07-01,11605,11550
2021-07-02,9312,5872
2021-07-03,8089,3869
2021-07-04,8933,14253
2021-07-05,9272,7591
2021-07-06,8246,8673
2021-07-07,8800,13178
2021-07-08,7881,5764
2021-07-09,9781,10837
2021-07-10,9906,4297
2021-07-11,11342,5176
2021-07-12,8128,8881
2021-07-13,8716,4018
2021-07-14,8188,4707
2021-07-15,8821,9648
2021-07-16,8693,3938
2021-07-17,8496,4100
2021-07-18,10600,12864
2021-07-19,9691,5445
2021-07-20,8820,7033
2021-07-21,18814,32195
2021-07-22,12378,7090
2021-07-23,11004,3710
2021-07-24,10086,2587
2021-07-25,14005,2378
2021-07-26,10076,1922
2021-07-27,9057,1708
2021-07-28,9005,1580
2021-07-29,8343,1377
2021-07-30,9989,1701
2021-07-31,8832,1313
2021-08-01,7973,1296
2021-08-02,10098,1432
2021-08-03,18563,1724
2021-08-04,15677,1484
2021-08-05,11380,1364
2021-08-06,10473,1259
2021-08-07,17434,1417
2021-08-08,11475,1195
2021-08-09,9468,1179
2021-08-10,8739,1158
2021-08-11,10538,1401
2021-08-12,9908,1316
2021-08-13,8068,1244
2021-08-14,7117,1179
2021-08-15,6949,1209
2021-08-16,7098,1177
2021-08-17,6957,1085
2021-08-18,8412,1309
2021-08-19,8300,1404
2021-08-20,7186,1195
2021-08-21,6686,1076
2021-08-22,7194,1024
2021-08-23,9455,1094
2021-08-24,22368,1200
2021-08-25,20041,1118
2021-08-26,12484,1022
2021-08-27,10273,883
2021-08-28,8280,861
2021-08-29,7804,822
2021-08-30,7503,888
2021-08-31,6745,875
2021-09-01,6629,907
2021-09-02,5678,847
2021-09-03,6032,818
2021-09-04,5994,849
2021-09-05,5933,752
2021-09-06,8446,874
2021-09-07,8852,912
2021-09-08,6455,934
2021-09-09,5754,888
2021-09-10,5606,882
2021-09-11,5086,880
2021-09-12,5305,920
2021-09-13,5102,800
2021-09-14,6346,791
2021-09-15,5603,813
2021-09-16,5125,860
2021-09-17,5045,820
2021-09-18,5364,726
2021-09-19,6140,773
2021-09-20,5998,777
2021-09-21,6568,828
2021-09-22,6559,795
2021-09-23,5768,801
2021-09-24,8812,783
2021-09-25,6741,666
2021-09-26,7546,754
2021-09-27,8629,837
2021-09-28,8715,820
2021-09-29,7320,823
2021-09-30,6358,854
2021-10-01,6043,763
2021-10-02,5370,683
2021-10-03,5308,752
2021-10-04,5474,741
2021-10-05,5941,792
2021-10-06,5372,884
2021-10-07,5567,811
2021-10-08,4648,811
2021-10-09,6678,824
2021-10-10,6049,754
2021-10-11,5744,939
2021-10-12,5644,934
2021-10-13,6791,924
2021-10-14,5944,870
2021-10-15,6601,884
2021-10-16,7760,746
2021-10-17,7524,784
2021-10-18,7402,946
2021-10-19,8952,1240
2021-10-20,16764,1779
2021-10-21,10755,1247
2021-10-22,28903,1274
2021-10-23,16019,1264
2021-10-24,10940,1055
2021-10-25,14007,972
2021-10-26,10859,996
2021-10-27,11475,1022
2021-10-28,9526,1031
2021-10-29,11853,946
2021-10-30,7924,929
2021-10-31,8586,972
2021-11-01,7746,924
2021-11-02,7899,860
2021-11-03,7805,1109
2021-11-04,12335,977
2021-11-05,7808,893
2021-11-06,10499,863
2021-11-07,7320,792
2021-11-08,8867,871
2021-11-09,22713,946
2021-11-10,12996,887
2021-11-11,12699,1037
2021-11-12,10218,849
2021-11-13,28081,1032
2021-11-14,15499,842
2021-11-15,13228,819
2021-11-16,10563,873
2021-11-17,31350,1071
2021-11-18,16397,1175
2021-11-19,24289,954
2021-11-20,16018,1065
2021-11-21,12604,908
2021-11-22,13017,1091
2021-11-23,10587,945
2021-11-24,10734,889
2021-11-25,26865,1045
2021-11-26,12667,763
2021-11-27,15647,915
2021-11-28,14085,960
2021-11-29,19154,897
2021-11-30,13483,892
2021-12-01,15222,1058
2021-12-02,10008,848
2021-12-03,8215,886
2021-12-04,16278,1014
2021-12-05,12017,830
2021-12-06,8367,814
2021-12-07,14095,910
2021-12-08,13203,934
2021-12-09,22974,822
2021-12-10,12093,748
2021-12-11,17299,912
2021-12-12,30560,847
2021-12-13,12395,759
2021-12-14,27145,800
2021-12-15,160594,1169
2021-12-16,41780,906
2021-12-17,23048,744
2021-12-18,27131,883
2021-12-19,16032,803
2021-12-20,14481,824
2021-12-21,18333,866
2021-12-22,23597,887
2021-12-23,22424,751
2021-12-24,22252,975
2021-12-25,23751,1142
2021-12-26,24559,1597
2021-12-27,14574,900
2021-12-28,13013,907
2021-12-29,21448,1049
2021-12-30,13821,1075
2021-12-31,12441,1014
2022-01-01,10980,981
2022-01-02,16808,1044
2022-01-03,12041,1008
2022-01-04,12897,963
2022-01-05,11206,1075
2022-01-06,14357,1169
2022-01-07,11251,1060
2022-01-08,11153,1176
2022-01-09,11428,1141
2022-01-10,19416,1388
2022-01-11,17229,1060
2022-01-12,14364,1062
2022-01-13,10921,1045
2022-01-14,11705,1079
2022-01-15,13462,940
2022-01-16,9742,993
2022-01-17,10288,955
2022-01-18,8734,1020
2022-01-19,9547,1020
2022-01-20,8312,1101
2022-01-21,10613,993
2022-01-22,11894,964
2022-01-23,8512,949
2022-01-24,8884,1048
2022-01-25,7171,946
2022-01-26,10504,1095
2022-01-27,8712,1325
2022-01-28,16598,1181
2022-01-29,10556,1242
2022-01-30,15226,1359
2022-01-31,8625,1246
2022-02-01,13037,1164
2022-02-02,12516,1156
2022-02-03,11346,994
2022-02-04,13642,1091
2022-02-05,13391,1080
2022-02-06,12071,1201
2022-02-07,9766,1203
2022-02-08,11505,1163
2022-02-09,11337,1432
2022-02-10,17975,1500
2022-02-11,19260,1545
2022-02-12,13320,1164
2022-02-13,19778,1716
2022-02-14,12164,1994
2022-02-15,18144,1481
2022-02-16,12934,1421
2022-02-17,15801,1427
2022-02-18,12671,1338
2022-02-19,12002,1220
2022-02-20,24429,1593
2022-02-21,139892,2738
2022-02-22,42068,1786
2022-02-23,23855,1626
2022-02-24,16429,1335
2022-02-25,17880,1330
2022-02-26,13288,1324
2022-02-27,18127,1346
2022-02-28,19758,1390
2022-03-01,15774,1252
2022-03-02,15371,1204
2022-03-03,12833,1329
2022-03-04,12406,1334
2022-03-05,11965,1223
2022-03-06,18370,1609
2022-03-07,11503,1706
2022-03-08,11783,1539
2022-03-09,12439,1299
2022-03-10,10285,1317
2022-03-11,23728,1293
2022-03-12,14408,1389
2022-03-13,20739,1495
2022-03-14,18990,2721
2022-03-15,21423,1845
2022-03-16,13063,1509
2022-03-17,16778,1414
2022-03-18,13891,1110
2022-03-19,28124,1134
2022-03-20,14486,1470
2022-03-21,12822,1561
2022-03-22,11752,1583
2022-03-23,10790,1403
2022-03-24,11481,1541
2022-03-25,61111,1310
2022-03-26,14164,1250
2022-03-27,22717,1370
2022-03-28,12210,1500
2022-03-29,10402,1456
2022-03-30,8714,1617
2022-03-31,9644,1736
2022-04-01,9680,1559
2022-04-02,9597,1367
2022-04-03,10579,1469
2022-04-04,8321,1744
2022-04-05,9424,1658
2022-04-06,9645,2239
2022-04-07,11920,1724
2022-04-08,9460,1571
2022-04-09,7965,1393
2022-04-10,8515,1457
2022-04-11,11165,2146
2022-04-12,8709,1803
2022-04-13,10322,2456
2022-04-14,10123,2083
2022-04-15,10849,1807
2022-04-16,12013,2576
2022-04-17,34252,3094
2022-04-18,16471,3326
2022-04-19,25860,2850
2022-04-20,13854,2282
2022-04-21,17176,2472
2022-04-22,23743,2221
2022-04-23,13590,2176
2022-04-24,26067,2767
2022-04-25,16095,3130
2022-04-26,18801,3152
2022-04-27,12587,2647
2022-04-28,26681,2781
2022-04-29,11760,2228
2022-04-30,9585,1806
2022-05-01,25584,2564
2022-05-02,15228,3081
2022-05-03,13524,2543
2022-05-04,22742,2230
2022-05-05,12657,2098
2022-05-06,10290,1735
2022-05-07,10408,1946
2022-05-08,23322,1977
2022-05-09,12331,4973
2022-05-10,21437,3486
2022-05-11,13244,2949
2022-05-12,14788,3015
2022-05-13,10375,3115
2022-05-14,26448,3029
2022-05-15,19823,3577
2022-05-16,22989,6280
2022-05-17,17479,3765
2022-05-18,16597,4073
2022-05-19,35875,3714
2022-05-20,15151,3246
2022-05-21,35519,3428
2022-05-22,16498,2987
2022-05-23,48590,5789
2022-05-24,26784,4385
2022-05-25,29920,3417
2022-05-26,18382,4470
2022-05-27,106251,21558
2022-05-28,31804,7435
2022-05-29,19567,4221
2022-05-30,37296,20447
2022-05-31,34813,10883
2022-06-01,29892,9068
2022-06-02,29226,9970
2022-06-03,69323,17281
2022-06-04,16675,4962
2022-06-05,17961,6305
2022-06-06,66602,11880
2022-06-07,21619,5336
2022-06-08,24626,5845
2022-06-09,57085,13631
2022-06-10,26767,6378
2022-06-11,163864,15981
2022-06-12,46797,7118
2022-06-13,42349,8833
2022-06-14,91621,19110
2022-06-15,37732,7811
2022-06-16,36707,9416
2022-06-17,660691,63002
2022-06-18,150688,12586
2022-06-19,86489,8452
2022-06-20,71341,7030
2022-06-21,63373,5914
2022-06-22,50739,4396
2022-06-23,37521,3933
2022-06-24,34431,3258
2022-06-25,27889,2900
2022-06-26,25262,3431
2022-06-27,23192,3153
2022-06-28,21912,2907
2022-06-29,19725,2520
2022-06-30,19732,2513
2022-07-01,18608,2258
2022-07-02,17531,1927
2022-07-03,19556,1861
2022-07-04,17641,1940
2022-07-05,16230,1834
2022-07-06,15787,1664
2022-07-07,14789,1568
2022-07-08,13957,1479
2022-07-09,17797,1417
2022-07-10,15751,1532
2022-07-11,14139,1450
2022-07-12,13514,1364
2022-07-13,13706,1573
2022-07-14,13200,1481
2022-07-15,13976,1271
2022-07-16,13715,1305
2022-07-17,13245,1356
2022-07-18,12461,1240
2022-07-19,14048,1262
2022-07-20,14911,1349
2022-07-21,25988,1424
2022-07-22,13975,1235
2022-07-23,11691,1245
2022-07-24,11955,1252
2022-07-25,11693,1505
2022-07-26,10073,1494
2022-07-27,10424,1381
2022-07-28,11215,1292
2022-07-29,9464,1139
2022-07-30,9183,1136
2022-07-31,10262,1790
2022-08-01,10015,2010
2022-08-02,9875,1848
2022-08-03,9385,1280
2022-08-04,9059,1274
2022-08-05,9447,1159
2022-08-06,8909,1109
2022-08-07,9210,1147
2022-08-08,9295,1154
2022-08-09,8762,1121
2022-08-10,9985,990
2022-08-11,8684,1022
2022-08-12,8372,988
2022-08-13,8039,887
2022-08-14,8862,1110
2022-08-15,8997,1066
2022-08-16,9679,1303
2022-08-17,9405,1303
2022-08-18,9112,1221
2022-08-19,8479,1099
2022-08-20,8821,1029
2022-08-21,8511,991
2022-08-22,7786,1094
2022-08-23,8232,1152
2022-08-24,8462,1407
2022-08-25,8442,1202
2022-08-26,7888,1026
2022-08-27,7817,1034
2022-08-28,8044,1106
2022-08-29,8338,1085
2022-08-30,9635,1021
2022-08-31,11332,975
2022-09-01,15417,924
2022-09-02,11110,955
2022-09-03,10833,948
2022-09-04,10426,965
2022-09-05,9327,944
2022-09-06,8752,887
2022-09-07,8541,942
2022-09-08,7706,881
2022-09-09,7427,781
2022-09-10,8296,843
2022-09-11,8521,872
2022-09-12,8402,848
2022-09-13,8845,903
2022-09-14,9855,964
2022-09-15,8453,903
2022-09-16,8148,958
2022-09-17,7710,856
2022-09-18,8781,854
2022-09-19,7620,890
2022-09-20,7296,869
2022-09-21,7342,924
2022-09-22,7722,1086
2022-09-23,8140,981
2022-09-24,8140,829
2022-09-25,8309,907
2022-09-26,9606,1101
2022-09-27,9684,1001
2022-09-28,8526,980
2022-09-29,10225,967
2022-09-30,9511,911
2022-10-01,8061,864
2022-10-02,8061,889
2022-10-03,8131,940
2022-10-04,11701,865
2022-10-05,8083,874
2022-10-06,9062,984
2022-10-07,9851,938
2022-10-08,10408,975
2022-10-09,9727,925
2022-10-10,10633,921
2022-10-11,9520,959
2022-10-12,10305,1064
2022-10-13,9774,990
2022-10-14,9482,939
2022-10-15,10818,970
2022-10-16,10333,1052
2022-10-17,10113,1054
2022-10-18,12395,1371
2022-10-19,36823,2813
2022-10-20,16665,1522
2022-10-21,13671,1281
2022-10-22,15307,1167
2022-10-23,12259,1028
2022-10-24,13618,1174
2022-10-25,11526,1071
2022-10-26,16260,1446
2022-10-27,11535,1307
2022-10-28,14936,1121
2022-10-29,12118,1132
2022-10-30,12328,993
2022-10-31,10484,988
2022-11-01,10177,1044
2022-11-02,10875,1204
2022-11-03,9763,1243
2022-11-04,11197,1196
2022-11-05,12325,1168
2022-11-06,10918,1261
2022-11-07,9385,973
2022-11-08,13735,1090
2022-11-09,8966,922
2022-11-10,10775,1019
2022-11-11,9291,1041
2022-11-12,17961,1020
2022-11-13,12235,906
2022-11-14,10593,842
2022-11-15,9912,885
2022-11-16,10256,896
2022-11-17,16204,1200
2022-11-18,9785,879
2022-11-19,12757,989
2022-11-20,10126,929
2022-11-21,11534,940
2022-11-22,11200,990
2022-11-23,12051,896
2022-11-24,14045,1064
2022-11-25,9608,786
2022-11-26,12765,837
2022-11-27,11188,853
2022-11-28,10448,812
2022-11-29,9653,868
2022-11-30,11647,889
2022-12-01,8566,977
2022-12-02,7219,821
2022-12-03,9509,951
2022-12-04,8701,821
2022-12-05,11560,903
2022-12-06,10388,983
2022-12-07,9629,970
2022-12-08,9158,1197
2022-12-09,8489,949
2022-12-10,9143,1037
2022-12-11,18793,1410
2022-12-12,9988,1047
2022-12-13,10117,1100
2022-12-14,11477,1245
2022-12-15,12673,1166
2022-12-16,9404,937
2022-12-17,15208,1063
2022-12-18,9432,1209
2022-12-19,8663,1005
2022-12-20,7847,1005
2022-12-21,9135,1026
2022-12-22,8584,1083
2022-12-23,7035,1044
2022-12-24,8207,1061
2022-12-25,9579,1446
2022-12-26,14901,1619
2022-12-27,9788,1345
2022-12-28,11017,1535
2022-12-29,10479,1508
2022-12-30,9716,1452
2022-12-31,11715,1553
2023-01-01,10169,1282
2023-01-02,10007,1480
2023-01-03,12168,1575
2023-01-04,9630,1411
2023-01-05,11362,1435
2023-01-06,9632,1330
2023-01-07,11134,1504
2023-01-08,10412,1360
2023-01-09,10866,1339
2023-01-10,10693,1320
2023-01-11,13624,1400
2023-01-12,9921,1357
2023-01-13,11649,1446
2023-01-14,13724,1322
2023-01-15,11655,1254
2023-01-16,12083,1432
2023-01-17,14516,1469
2023-01-18,15648,1868
2023-01-19,16371,1585
2023-01-20,20761,1822
2023-01-21,12893,1593
2023-01-22,10621,1412
2023-01-23,14841,1381
2023-01-24,10592,1224
2023-01-25,10839,1400
2023-01-26,19436,1557
2023-01-27,17355,1409
2023-01-28,18562,1455
2023-01-29,15129,1976
2023-01-30,10938,1596
2023-01-31,18876,1496
2023-02-01,14528,1463
2023-02-02,13082,1553
2023-02-03,13579,1788
2023-02-04,11281,1572
2023-02-05,19107,1999
2023-02-06,13225,1852
2023-02-07,13128,1767
2023-02-08,37414,4281
2023-02-09,25248,4890
2023-02-10,17481,3088
2023-02-11,14146,2595
2023-02-12,15560,2835
2023-02-13,12266,3530
2023-02-14,11434,2261
2023-02-15,12117,2308
2023-02-16,11969,2151
2023-02-17,11659,1952
2023-02-18,11692,1732
2023-02-19,19573,1863
2023-02-20,25667,2197
2023-02-21,19116,1771
2023-02-22,14112,1596
2023-02-23,12843,1692
2023-02-24,14429,1830
2023-02-25,14108,1721
2023-02-26,13041,2048
2023-02-27,14970,1871
2023-02-28,11793,1607
2023-03-01,11745,1636
2023-03-02,11374,1734
2023-03-03,12589,1490
2023-03-04,12522,1532
2023-03-05,17179,1832
2023-03-06,14222,1863
2023-03-07,11569,1732
2023-03-08,13742,1838
2023-03-09,12382,1638
2023-03-10,13568,1698
2023-03-11,11634,1457
2023-03-12,26114,1748
2023-03-13,12435,1327
2023-03-14,29235,1548
2023-03-15,18001,1535
2023-03-16,20013,1513
2023-03-17,14011,1253
2023-03-18,14306,1179
2023-03-19,16240,1460
2023-03-20,12103,1308
2023-03-21,12606,1370
2023-03-22,11020,1474
2023-03-23,13728,1441
2023-03-24,12457,1259
2023-03-25,16598,1350
2023-03-26,14388,1413
2023-03-27,13531,1499
2023-03-28,10905,1415
2023-03-29,17557,1562
2023-03-30,13612,1941
2023-03-31,11459,1671
2023-04-01,15159,1428
2023-04-02,13671,1523
2023-04-03,12545,1659
2023-04-04,11059,1619
2023-04-05,11791,1674
2023-04-06,10307,1775
2023-04-07,9988,1563
2023-04-08,12143,1720
2023-04-09,11581,1812
2023-04-10,13247,2138
2023-04-11,12258,1946
2023-04-12,12583,2437
2023-04-13,12691,2241
2023-04-14,11305,2124
2023-04-15,14083,2635
2023-04-16,29861,3653
2023-04-17,16061,3462
2023-04-18,29063,3324
2023-04-19,14819,2879
2023-04-20,13155,2234
2023-04-21,28264,2657
2023-04-22,17107,2391
2023-04-23,37907,3266
2023-04-24,25123,2803
2023-04-25,21000,3768
2023-04-26,17242,3179
2023-04-27,31062,5712
2023-04-28,18906,3282
2023-04-29,28768,3766
2023-04-30,76847,5110
2023-05-01,105074,7806
2023-05-02,59116,5763
2023-05-03,67346,6021
2023-05-04,31493,3711
2023-05-05,61142,4918
2023-05-06,32539,3695
2023-05-07,46093,4269
2023-05-08,24971,3560
2023-05-09,49947,5841
2023-05-10,28048,5106
2023-05-11,50928,4998
2023-05-12,27525,5518
2023-05-13,73025,12798
2023-05-14,33035,9018
2023-05-15,26321,8007
2023-05-16,21743,5701
2023-05-17,22419,5679
2023-05-18,16398,4928
2023-05-19,16089,4645
2023-05-20,15294,4974
2023-05-21,17127,6259
2023-05-22,15935,9325
2023-05-23,25132,18278
2023-05-24,19753,9118
2023-05-25,14088,6058
2023-05-26,13474,5883
2023-05-27,12051,4320
2023-05-28,13193,8683
2023-05-29,11911,5577
2023-05-30,18052,21332
2023-05-31,13533,10495
2023-06-01,12031,15087
2023-06-02,13686,20254
2023-06-03,11330,9111
2023-06-04,11430,9922
2023-06-05,12093,16709
2023-06-06,10792,7650
2023-06-07,10158,9115
2023-06-08,12670,15745
2023-06-09,10474,6214
2023-06-10,12706,15930
2023-06-11,10301,8162
2023-06-12,10302,9954
2023-06-13,18491,38597
2023-06-14,14910,8838
2023-06-15,13589,5896
2023-06-16,12677,4385
2023-06-17,10820,3200
2023-06-18,11046,2827
2023-06-19,11710,2572
2023-06-20,10870,2567
2023-06-21,10348,2243
2023-06-22,13072,2330
2023-06-23,16166,2306
2023-06-24,11143,1785
2023-06-25,12614,1879
2023-06-26,15457,1933
2023-06-27,14058,1758
2023-06-28,11567,1577
2023-06-29,11396,1524
2023-06-30,13647,1625
2023-07-01,13734,1678
2023-07-02,10762,1506
2023-07-03,10419,1570
2023-07-04,9665,1395
2023-07-05,9092,1230
2023-07-06,9300,1251
2023-07-07,9949,1298
2023-07-08,9662,1125
2023-07-09,9822,1467
2023-07-10,10279,1244
2023-07-11,10402,1127
2023-07-12,9896,1117
2023-07-13,10779,1183
2023-07-14,11299,1101
2023-07-15,19739,1000
2023-07-16,39719,1059
2023-07-17,29099,1174
2023-07-18,29150,1086
2023-07-19,14168,1086
2023-07-20,12302,992
2023-07-21,19982,1171
2023-07-22,26534,1277
2023-07-23,25998,1401
2023-07-24,22090,1301
2023-07-25,22861,1304
2023-07-26,21181,1232
2023-07-27,26067,1125
2023-07-28,30538,1126
2023-07-29,24235,1058
2023-07-30,27988,1011
2023-07-31,20109,1040
2023-08-01,14744,1034
2023-08-02,13855,989
2023-08-03,13791,1032
2023-08-04,12732,979
2023-08-05,13127,999
2023-08-06,13877,1037
2023-08-07,13197,2808
2023-08-08,15319,1928
2023-08-09,14331,1669
2023-08-10,12610,1487
2023-08-11,11825,1286
2023-08-12,11487,1403
2023-08-13,11650,1394
2023-08-14,10192,2061
2023-08-15,9705,1628
2023-08-16,9358,1471
2023-08-17,9310,1412
2023-08-18,9073,1263
2023-08-19,8971,1174
2023-08-20,9410,1194
2023-08-21,11141,1788
2023-08-22,12389,1664
2023-08-23,13636,1467
2023-08-24,12670,1341
2023-08-25,11180,1324
2023-08-26,10044,1196
2023-08-27,9954,1237
2023-08-28,9826,2390
2023-08-29,9360,2109
2023-08-30,9732,1486
2023-08-31,9980,1297
2023-09-01,9086,1200
2023-09-02,9088,996
2023-09-03,10286,1156
2023-09-04,9462,1970
2023-09-05,9069,1659
2023-09-06,11349,1323
2023-09-07,9253,1158
2023-09-08,12332,1332
2023-09-09,11176,1248
2023-09-10,12110,1300
2023-09-11,12143,4709
2023-09-12,10758,2498
2023-09-13,10240,2059
2023-09-14,9765,1760
2023-09-15,8431,1341
2023-09-16,8028,1350
2023-09-17,7745,1185
2023-09-18,7603,4517
2023-09-19,7514,2755
2023-09-20,7546,2235
2023-09-21,7654,1764
2023-09-22,7289,1499
2023-09-23,7788,1447
2023-09-24,7556,1399
2023-09-25,7228,1372
2023-09-26,12237,1374
2023-09-27,9042,1678
2023-09-28,11887,1769
2023-09-29,10396,1371
2023-09-30,8408,1082
2023-10-01,8049,1172
2023-10-02,8565,1379
2023-10-03,9221,1375
2023-10-04,7975,1148
2023-10-05,8208,1069
2023-10-06,8631,1024
2023-10-07,10102,844
2023-10-08,9261,947
2023-10-09,7560,978
2023-10-10,7732,951
2023-10-11,7463,1039
2023-10-12,7291,990
2023-10-13,7298,1027
2023-10-14,8605,914
2023-10-15,7440,832
2023-10-16,8433,881
2023-10-17,7532,807
2023-10-18,8107,1048
2023-10-19,11138,1056
2023-10-20,10279,1055
2023-10-21,11043,1032
2023-10-22,10739,987
2023-10-23,10517,1102
2023-10-24,10786,1599
2023-10-25,16126,2024
2023-10-26,10658,1714
2023-10-27,10236,1583
2023-10-28,16656,1457
2023-10-29,9851,1215
2023-10-30,13062,1231
2023-10-31,16629,1362
2023-11-01,10986,1430
2023-11-02,13533,1744
2023-11-03,11310,1397
2023-11-04,15312,1323
2023-11-05,11272,1197
2023-11-06,11000,1115
2023-11-07,13543,1197
2023-11-08,11126,1156
2023-11-09,14926,1225
2023-11-10,9963,1114
2023-11-11,11413,1174
2023-11-12,12859,1112
2023-11-13,14164,1069
2023-11-14,10322,1147
2023-11-15,12625,1310
2023-11-16,11381,1203
2023-11-17,10351,1052
2023-11-18,10033,1105
2023-11-19,11015,1060
2023-11-20,12917,1096
2023-11-21,13671,1074
2023-11-22,11864,1096
2023-11-23,15429,1344
2023-11-24,9906,947
2023-11-25,14370,1131
2023-11-26,9987,1079
2023-11-27,9632,1105
2023-11-28,9585,1156
2023-11-29,12542,1456
2023-11-30,9443,1090
2023-12-01,10517,999
2023-12-02,10584,1078
2023-12-03,9412,957
2023-12-04,7897,913
2023-12-05,8017,1109
2023-12-06,8459,1282
2023-12-07,10692,1175
2023-12-08,9185,1834
2023-12-09,10297,1707
2023-12-10,10302,3379
2023-12-11,8470,1617
2023-12-12,8757,1376
2023-12-13,12872,1461
2023-12-14,13281,1354
2023-12-15,11089,1215
2023-12-16,9330,1158
2023-12-17,12566,1112
2023-12-18,13274,1118
2023-12-19,8878,1194
2023-12-20,21809,1465
2023-12-21,12631,1224
2023-12-22,10792,1172
2023-12-23,15059,1326
2023-12-24,11736,1251
2023-12-25,17012,1758
2023-12-26,11307,1491
2023-12-27,9471,1548
2023-12-28,10699,1415
2023-12-29,12131,1535
2023-12-30,10208,1465
2023-12-31,11078,1447
2024-01-01,8809,1227
2024-01-02,9273,1281
2024-01-03,13601,1355
2024-01-04,11725,1548
2024-01-05,16120,1796
2024-01-06,12794,1541
2024-01-07,10262,1424
2024-01-08,12802,1533
2024-01-09,9611,1374
2024-01-10,9790,1706
2024-01-11,13984,1661
2024-01-12,10194,1500
2024-01-13,11819,1491
2024-01-14,10882,1380
2024-01-15,9608,1450
2024-01-16,10731,1411
2024-01-17,9882,1398
2024-01-18,10025,1673
2024-01-19,11572,1472
2024-01-20,10315,1634
2024-01-21,9022,1388
2024-01-22,10151,1580
2024-01-23,10157,1755
2024-01-24,10675,1810
2024-01-25,11381,1659
2024-01-26,18031,1659
2024-01-27,12514,1808
2024-01-28,41358,2182
2024-01-29,15241,1981
2024-01-30,13084,1812
2024-01-31,18567,1967
2024-02-01,12389,1683
2024-02-02,15557,1650
2024-02-03,13813,1475
2024-02-04,22826,1868
2024-02-05,13318,1792
2024-02-06,14422,1793
2024-02-07,13410,1760
2024-02-08,16503,1781
2024-02-09,18830,1778
2024-02-10,12685,1546
2024-02-11,34038,2299
2024-02-12,17835,3016
2024-02-13,17422,2211
2024-02-14,15808,2101
2024-02-15,18999,1853
2024-02-16,16509,1789
2024-02-17,14700,1622
2024-02-18,43007,1736
2024-02-19,32536,2418
2024-02-20,17224,1863
2024-02-21,13332,1736
2024-02-22,13624,2162
2024-02-23,18462,2109
2024-02-24,17273,1932
2024-02-25,13424,2015
2024-02-26,15004,1942
2024-02-27,11047,1586
2024-02-28,12625,1707
2024-02-29,11040,1659
2024-03-01,19908,1699
2024-03-02,21335,1664
2024-03-03,21251,2522
2024-03-04,15601,2197
2024-03-05,13457,1676
2024-03-06,11448,1737
2024-03-07,16937,1613
2024-03-08,13111,1845
2024-03-09,13106,1472
2024-03-10,11575,1520
2024-03-11,9364,1436
2024-03-12,13612,1349
2024-03-13,12144,1316
2024-03-14,16199,1362
2024-03-15,13680,1257
2024-03-16,12834,1127
2024-03-17,22311,1438
2024-03-18,13080,1354
2024-03-19,12907,1331
2024-03-20,10993,1331
2024-03-21,13575,1428
2024-03-22,12020,1260
2024-03-23,13819,1215
2024-03-24,11878,1375
2024-03-25,12243,1455
2024-03-26,9212,1454
2024-03-27,10272,1577
2024-03-28,17595,1642
2024-03-29,11202,1343
2024-03-30,12757,1247
2024-03-31,10624,1458
2024-04-01,11529,1562
2024-04-02,11279,1447
2024-04-03,12214,1808
2024-04-04,9506,1627
2024-04-05,11051,1529
2024-04-06,11678,1388
2024-04-07,13895,1536
2024-04-08,10945,1495
2024-04-09,12496,1585
2024-04-10,13210,1637
2024-04-11,9766,1618
2024-04-12,10548,1445
2024-04-13,11305,1390
2024-04-14,10779,1476
2024-04-15,11921,1893
2024-04-16,20352,1837
2024-04-17,36468,3146
2024-04-18,19146,2119
2024-04-19,14403,1768
2024-04-20,12732,2388
2024-04-21,12718,3531
2024-04-22,10461,2290
2024-04-23,10477,2828
2024-04-24,10218,2282
2024-04-25,10676,2530
2024-04-26,14459,2132
2024-04-27,11068,1887
2024-04-28,17605,2320
2024-04-29,12437,2414
2024-04-30,13948,2900
2024-05-01,11149,2099
2024-05-02,10226,2390
2024-05-03,10157,2631
2024-05-04,10040,2231
2024-05-05,9681,2235
2024-05-06,9034,2473
2024-05-07,10470,4235
2024-05-08,9405,3176
2024-05-09,10918,2941
2024-05-10,8742,2781
2024-05-11,8667,2271
2024-05-12,8230,2527
2024-05-13,9342,2720
2024-05-14,9900,2523
2024-05-15,10130,2861
2024-05-16,9667,3561
2024-05-17,8323,2725
2024-05-18,8087,2167
2024-05-19,8627,4232
2024-05-20,10163,6799
2024-05-21,9171,3278
2024-05-22,8626,3274
2024-05-23,17942,2478
2024-05-24,10272,3282
2024-05-25,9240,3373
2024-05-26,11981,3942
2024-05-27,20369,6363
2024-05-28,14614,14166
2024-05-29,10487,5097
2024-05-30,8183,3766
2024-05-31,11260,13725
2024-06-01,9000,5634
2024-06-02,8349,4188
2024-06-03,9144,5077
2024-06-04,8163,5300
2024-06-05,8175,4396
2024-06-06,8273,8712
2024-06-07,9022,13075
2024-06-08,7075,3829
2024-06-09,7605,4210
2024-06-10,9404,9313
2024-06-11,8014,3713
2024-06-12,9433,4467
2024-06-13,10057,12527
2024-06-14,8084,6882
2024-06-15,8780,8204
2024-06-16,7481,3505
2024-06-17,7959,4603
2024-06-18,17484,33386
2024-06-19,10252,8839
2024-06-20,8167,4271
2024-06-21,7431,3478
2024-06-22,7366,3082
2024-06-23,7110,2463
2024-06-24,7079,2376
2024-06-25,6983,2308
2024-06-26,7590,1449
2024-06-27,9917,1677
2024-06-28,9411,1633
2024-06-29,8015,1851
2024-06-30,9697,1377
2024-07-01,13835,1312
2024-07-02,16410,1238
2024-07-03,13173,1051
2024-07-04,8829,877
2024-07-05,8071,787
2024-07-06,11797,938
2024-07-07,12549,879
2024-07-08,18534,932
2024-07-09,12426,1006
2024-07-10,9988,1039
2024-07-11,15834,1076
2024-07-12,11085,899
2024-07-13,10513,1015
2024-07-14,8388,1119
2024-07-15,7251,1111
2024-07-16,7407,1073
2024-07-17,8619,1169
2024-07-18,9518,1126
2024-07-19,7594,1072
2024-07-20,9210,943
2024-07-21,8001,835
2024-07-22,8386,964
2024-07-23,8181,955
2024-07-24,8014,814
2024-07-25,9752,822
2024-07-26,18480,886
2024-07-27,32690,882
2024-07-28,44060,1115
2024-07-29,17230,853
2024-07-30,11853,786
2024-07-31,16203,861
2024-08-01,14105,678
2024-08-02,10671,641
2024-08-03,14490,1384
2024-08-04,8958,852
2024-08-05,8422,955
2024-08-06,13600,1001
2024-08-07,10882,790
2024-08-08,63142,1105
2024-08-09,56299,1084
2024-08-10,307813,1708
2024-08-11,246536,1723
2024-08-12,98584,1375
2024-08-13,56020,1227
2024-08-14,37268,1192
2024-08-15,26464,941
2024-08-16,22173,885
2024-08-17,18916,816
2024-08-18,17348,839
2024-08-19,15075,860
2024-08-20,15919,989
2024-08-21,13251,923
2024-08-22,13786,779
2024-08-23,15918,764
2024-08-24,10684,792
2024-08-25,10193,803
2024-08-26,10007,785
2024-08-27,9411,808
2024-08-28,8524,735
2024-08-29,14973,734
2024-08-30,14996,734
2024-08-31,9995,611
2024-09-01,8782,711
2024-09-02,9218,653
2024-09-03,13912,622
2024-09-04,8262,646
2024-09-05,8461,776
2024-09-06,15101,677
2024-09-07,12406,610
2024-09-08,9568,616
2024-09-09,8497,616
2024-09-10,10137,600
2024-09-11,8503,562
2024-09-12,8901,670
2024-09-13,12081,599
2024-09-14,10293,592
2024-09-15,7706,607
2024-09-16,6990,581
2024-09-17,7529,597
2024-09-18,6198,595
2024-09-19,5884,623
2024-09-20,5416,578
2024-09-21,6523,501
2024-09-22,6413,529
2024-09-23,6728,529
2024-09-24,5431,600
2024-09-25,5406,621
2024-09-26,5641,670
2024-09-27,5572,614
2024-09-28,6250,699
2024-09-29,5832,584
2024-09-30,5605,755
2024-10-01,6489,644
2024-10-02,5960,639
2024-10-03,5540,604
2024-10-04,5365,692
2024-10-05,5189,622
2024-10-06,5573,575
2024-10-07,5931,690
2024-10-08,5496,667
2024-10-09,5455,913
2024-10-10,6124,971
2024-10-11,6070,1041
2024-10-12,6731,973
2024-10-13,6214,1000
2024-10-14,6207,995
2024-10-15,6590,1008
2024-10-16,6988,943
2024-10-17,6193,961
2024-10-18,6131,1031
2024-10-19,7577,896
2024-10-20,6455,938
2024-10-21,6392,1333
2024-10-22,15029,1549
2024-10-23,10223,2166
2024-10-24,11402,1510
2024-10-25,9587,1548
2024-10-26,9576,1420
2024-10-27,9562,1334
2024-10-28,9870,1144
2024-10-29,7318,1225
2024-10-30,8576,1306
2024-10-31,8240,1397
